sample_id,storm_id,input_timestamp_utc,season,input_year,input_month,input_day_of_year,input_hour_utc,latitude,longitude,wind_knots,pressure_hpa,status,previous_6h_available,previous_6h_delta_latitude,previous_6h_delta_longitude,previous_6h_wind_change_knots,target_timestamp_utc,target_interval_hours,target_latitude,target_longitude,target_delta_latitude_24h,target_delta_longitude_24h,target_wind_knots,target_wind_change_knots_24h,split,era5_u10_mps,era5_v10_mps,era5_wind10_mps,era5_mslp_pa,era5_sst_k,era5_tcw_kg_m2,era5_dewpoint_k,era5_missing,imerg_granule_start_utc,imerg_center_precipitation_cal_mm_hr,imerg_window_mean_precipitation_cal_mm_hr,imerg_window_p95_precipitation_cal_mm_hr,imerg_window_max_precipitation_cal_mm_hr,imerg_window_mean_random_error_mm_hr,imerg_window_mean_quality_index,imerg_accumulation_6h_mm,imerg_accumulation_24h_mm,imerg_missing,era5_available,imerg_available,multisource_complete
2019116N02090_20190425T180000Z,2019116N02090,2019-04-25T18:00:00Z,2019,2019,4,115,18,1.9,90.2,25,1004,TS,0,,,,2019-04-26T18:00:00Z,24,3.8,89.5,1.9,-0.7,25,0,train,,,,,,,,,,,,,,,,,,1,false,false,false
2019116N02090_20190425T210000Z,2019116N02090,2019-04-25T21:00:00Z,2019,2019,4,115,21,2.1,90.1,25,1004,TS,0,,,,2019-04-26T21:00:00Z,24,4.2,89.4,2.1,-0.7,33,8,train,,,,,,,,,,,,,,,,,,1,false,false,false
2019116N02090_20190426T000000Z,2019116N02090,2019-04-26T00:00:00Z,2019,2019,4,116,0,2.2,90,25,1003,TS,1,0.3,-0.2,0,2019-04-27T00:00:00Z,24,4.6,89.4,2.4,-0.6,30,5,train,,,,,,,,,,,,,,,,,,1,false,false,false
2019116N02090_20190426T030000Z,2019116N02090,2019-04-26T03:00:00Z,2019,2019,4,116,3,2.3,89.8,25,1003,TS,1,0.2,-0.3,0,2019-04-27T03:00:00Z,24,4.9,89.4,2.6,-0.4,30,5,train,,,,,,,,,,,,,,,,,,1,false,false,false
2019116N02090_20190426T060000Z,2019116N02090,2019-04-26T06:00:00Z,2019,2019,4,116,6,2.5,89.7,25,1003,TS,1,0.3,-0.3,0,2019-04-27T06:00:00Z,24,5.1,89.4,2.6,-0.3,35,10,train,,,,,,,,,,,,,,,,,,1,false,false,false
2019116N02090_20190426T090000Z,2019116N02090,2019-04-26T09:00:00Z,2019,2019,4,116,9,2.8,89.8,25,1003,TS,1,0.5,0,0,2019-04-27T09:00:00Z,24,5.5,89.3,2.7,-0.5,40,15,train,,,,,,,,,,,,,,,,,,1,false,false,false
2019116N02090_20190426T120000Z,2019116N02090,2019-04-26T12:00:00Z,2019,2019,4,116,12,3.2,89.8,25,998,TS,1,0.7,0.1,0,2019-04-27T12:00:00Z,24,6,89.2,2.8,-0.6,45,20,train,,,,,,,,,,,,,,,,,,1,false,false,false
2019116N02090_20190426T150000Z,2019116N02090,2019-04-26T15:00:00Z,2019,2019,4,116,15,3.5,89.7,28,1004,TS,1,0.7,-0.1,3,2019-04-27T15:00:00Z,24,6.4,88.9,2.9,-0.8,45,17,train,,,,,,,,,,,,,,,,,,1,false,false,false
2019116N02090_20190426T180000Z,2019116N02090,2019-04-26T18:00:00Z,2019,2019,4,116,18,3.8,89.5,25,998,TS,1,0.6,-0.3,0,2019-04-27T18:00:00Z,24,6.6,88.5,2.8,-1,45,20,train,,,,,,,,,,,,,,,,,,1,false,false,false
2019116N02090_20190426T210000Z,2019116N02090,2019-04-26T21:00:00Z,2019,2019,4,116,21,4.2,89.4,33,1004,TS,1,0.7,-0.3,5,2019-04-27T21:00:00Z,24,6.8,88.2,2.6,-1.2,45,12,train,,,,,,,,,,,,,,,,,,1,false,false,false
2019116N02090_20190427T000000Z,2019116N02090,2019-04-27T00:00:00Z,2019,2019,4,117,0,4.6,89.4,30,997,TS,1,0.8,-0.1,5,2019-04-28T00:00:00Z,24,7.1,88.1,2.5,-1.3,45,15,train,,,,,,,,,,,,,,,,,,1,false,false,false
2019116N02090_20190427T030000Z,2019116N02090,2019-04-27T03:00:00Z,2019,2019,4,117,3,4.9,89.4,30,996,TS,1,0.7,0,-3,2019-04-28T03:00:00Z,24,7.2,88.1,2.3,-1.3,45,15,train,,,,,,,,,,,,,,,,,,1,false,false,false
2019116N02090_20190427T060000Z,2019116N02090,2019-04-27T06:00:00Z,2019,2019,4,117,6,5.1,89.4,35,995,TS,1,0.5,0,5,2019-04-28T06:00:00Z,24,7.4,88.1,2.3,-1.3,45,10,train,,,,,,,,,,,,,,,,,,1,false,false,false
2019116N02090_20190427T090000Z,2019116N02090,2019-04-27T09:00:00Z,2019,2019,4,117,9,5.5,89.3,40,994,TS,1,0.6,-0.1,10,2019-04-28T09:00:00Z,24,7.6,87.9,2.1,-1.4,45,5,train,,,,,,,,,,,,,,,,,,1,false,false,false
2019116N02090_20190427T120000Z,2019116N02090,2019-04-27T12:00:00Z,2019,2019,4,117,12,6,89.2,45,992,TS,1,0.9,-0.2,10,2019-04-28T12:00:00Z,24,8,87.6,2,-1.6,45,0,train,,,,,,,,,,,,,,,,,,1,false,false,false
2019116N02090_20190427T150000Z,2019116N02090,2019-04-27T15:00:00Z,2019,2019,4,117,15,6.4,88.9,45,992,TS,1,0.9,-0.4,5,2019-04-28T15:00:00Z,24,8.1,87.5,1.7,-1.4,45,0,train,,,,,,,,,,,,,,,,,,1,false,false,false
2019116N02090_20190427T180000Z,2019116N02090,2019-04-27T18:00:00Z,2019,2019,4,117,18,6.6,88.5,45,992,TS,1,0.6,-0.7,0,2019-04-28T18:00:00Z,24,8.2,87.5,1.6,-1,45,0,train,,,,,,,,,,,,,,,,,,1,false,false,false
2019116N02090_20190427T210000Z,2019116N02090,2019-04-27T21:00:00Z,2019,2019,4,117,21,6.8,88.2,45,992,TS,1,0.4,-0.7,0,2019-04-28T21:00:00Z,24,8.4,87.4,1.6,-0.8,45,0,train,,,,,,,,,,,,,,,,,,1,false,false,false
2019116N02090_20190428T000000Z,2019116N02090,2019-04-28T00:00:00Z,2019,2019,4,118,0,7.1,88.1,45,992,TS,1,0.5,-0.4,0,2019-04-29T00:00:00Z,24,8.6,87.4,1.5,-0.7,45,0,train,,,,,,,,,,,,,,,,,,1,false,false,false
2019116N02090_20190428T030000Z,2019116N02090,2019-04-28T03:00:00Z,2019,2019,4,118,3,7.2,88.1,45,992,TS,1,0.4,-0.1,0,2019-04-29T03:00:00Z,24,8.8,87.2,1.6,-0.9,45,0,train,,,,,,,,,,,,,,,,,,1,false,false,false
2019116N02090_20190428T060000Z,2019116N02090,2019-04-28T06:00:00Z,2019,2019,4,118,6,7.4,88.1,45,992,TS,1,0.3,0,0,2019-04-29T06:00:00Z,24,9.3,87.2,1.9,-0.9,45,0,train,,,,,,,,,,,,,,,,,,1,false,false,false
2019116N02090_20190428T090000Z,2019116N02090,2019-04-28T09:00:00Z,2019,2019,4,118,9,7.6,87.9,45,992,TS,1,0.4,-0.2,0,2019-04-29T09:00:00Z,24,9.8,87.1,2.2,-0.8,45,0,train,,,,,,,,,,,,,,,,,,1,false,false,false
2019116N02090_20190428T120000Z,2019116N02090,2019-04-28T12:00:00Z,2019,2019,4,118,12,8,87.6,45,992,TS,1,0.6,-0.5,0,2019-04-29T12:00:00Z,24,10.2,87.1,2.2,-0.5,55,10,train,,,,,,,,,,,,,,,,,,1,false,false,false
2019116N02090_20190428T150000Z,2019116N02090,2019-04-28T15:00:00Z,2019,2019,4,118,15,8.1,87.5,45,992,TS,1,0.5,-0.4,0,2019-04-29T15:00:00Z,24,10.5,86.9,2.4,-0.6,55,10,train,,,,,,,,,,,,,,,,,,1,false,false,false
2019116N02090_20190428T180000Z,2019116N02090,2019-04-28T18:00:00Z,2019,2019,4,118,18,8.2,87.5,45,992,TS,1,0.2,-0.1,0,2019-04-29T18:00:00Z,24,10.9,86.8,2.7,-0.7,55,10,train,,,,,,,,,,,,,,,,,,1,false,false,false
2019116N02090_20190428T210000Z,2019116N02090,2019-04-28T21:00:00Z,2019,2019,4,118,21,8.4,87.4,45,992,TS,1,0.3,-0.1,0,2019-04-29T21:00:00Z,24,11.3,86.6,2.9,-0.8,65,20,train,,,,,,,,,,,,,,,,,,1,false,false,false
2019116N02090_20190429T000000Z,2019116N02090,2019-04-29T00:00:00Z,2019,2019,4,119,0,8.6,87.4,45,992,TS,1,0.4,-0.1,0,2019-04-30T00:00:00Z,24,11.8,86.5,3.2,-0.9,70,25,train,,,,,,,,,,,,,,,,,,1,false,false,false
2019116N02090_20190429T030000Z,2019116N02090,2019-04-29T03:00:00Z,2019,2019,4,119,3,8.8,87.2,45,992,TS,1,0.4,-0.2,0,2019-04-30T03:00:00Z,24,12.3,86.2,3.5,-1,75,30,train,,,,,,,,,,,,,,,,,,1,false,false,false
2019116N02090_20190429T060000Z,2019116N02090,2019-04-29T06:00:00Z,2019,2019,4,119,6,9.3,87.2,45,992,TS,1,0.7,-0.2,0,2019-04-30T06:00:00Z,24,12.7,85.8,3.4,-1.4,80,35,train,,,,,,,,,,,,,,,,,,1,false,false,false
2019116N02090_20190429T090000Z,2019116N02090,2019-04-29T09:00:00Z,2019,2019,4,119,9,9.8,87.1,45,992,TS,1,1,-0.1,0,2019-04-30T09:00:00Z,24,13,85.3,3.2,-1.8,85,40,train,,,,,,,,,,,,,,,,,,1,false,false,false
2019116N02090_20190429T120000Z,2019116N02090,2019-04-29T12:00:00Z,2019,2019,4,119,12,10.2,87.1,55,986,TS,1,0.9,-0.1,10,2019-04-30T12:00:00Z,24,13.3,84.8,3.1,-2.3,90,35,train,,,,,,,,,,,,,,,,,,1,false,false,false
2019116N02090_20190429T150000Z,2019116N02090,2019-04-29T15:00:00Z,2019,2019,4,119,15,10.5,86.9,55,986,TS,1,0.7,-0.2,10,2019-04-30T15:00:00Z,24,13.4,84.6,2.9,-2.3,95,40,train,,,,,,,,,,,,,,,,,,1,false,false,false
2019116N02090_20190429T180000Z,2019116N02090,2019-04-29T18:00:00Z,2019,2019,4,119,18,10.9,86.8,55,986,TS,1,0.7,-0.3,0,2019-04-30T18:00:00Z,24,13.5,84.4,2.6,-2.4,95,40,train,,,,,,,,,,,,,,,,,,1,false,false,false
2019116N02090_20190429T210000Z,2019116N02090,2019-04-29T21:00:00Z,2019,2019,4,119,21,11.3,86.6,65,982,TS,1,0.8,-0.3,10,2019-04-30T21:00:00Z,24,13.6,84.2,2.3,-2.4,95,30,train,,,,,,,,,,,,,,,,,,1,false,false,false
2019116N02090_20190430T000000Z,2019116N02090,2019-04-30T00:00:00Z,2019,2019,4,120,0,11.8,86.5,70,980,TS,1,0.9,-0.3,15,2019-05-01T00:00:00Z,24,13.9,84.1,2.1,-2.4,95,25,train,,,,,,,,,,,,,,,,,,1,false,false,false
2019116N02090_20190430T030000Z,2019116N02090,2019-04-30T03:00:00Z,2019,2019,4,120,3,12.3,86.2,75,974,TS,1,1,-0.4,10,2019-05-01T03:00:00Z,24,14.1,84,1.8,-2.2,95,20,train,,,,,,,,,,,,,,,,,,1,false,false,false
2019116N02090_20190430T060000Z,2019116N02090,2019-04-30T06:00:00Z,2019,2019,4,120,6,12.7,85.8,80,970,TS,1,0.9,-0.7,10,2019-05-01T06:00:00Z,24,14.2,84,1.5,-1.8,95,15,train,,,,,,,,,,,,,,,,,,1,false,false,false
2019116N02090_20190430T090000Z,2019116N02090,2019-04-30T09:00:00Z,2019,2019,4,120,9,13,85.3,85,966,TS,1,0.7,-0.9,10,2019-05-01T09:00:00Z,24,14.5,84.1,1.5,-1.2,95,10,train,,,,,,,,,,,,,,,,,,1,false,false,false
2019116N02090_20190430T120000Z,2019116N02090,2019-04-30T12:00:00Z,2019,2019,4,120,12,13.3,84.8,90,962,TS,1,0.6,-1,10,2019-05-01T12:00:00Z,24,14.9,84.1,1.6,-0.7,100,10,train,,,,,,,,,,,,,,,,,,1,false,false,false
2019116N02090_20190430T150000Z,2019116N02090,2019-04-30T15:00:00Z,2019,2019,4,120,15,13.4,84.6,95,957,TS,1,0.4,-0.7,10,2019-05-01T15:00:00Z,24,15,84.2,1.6,-0.4,100,5,train,,,,,,,,,,,,,,,,,,1,false,false,false
2019116N02090_20190430T180000Z,2019116N02090,2019-04-30T18:00:00Z,2019,2019,4,120,18,13.5,84.4,95,957,TS,1,0.2,-0.4,5,2019-05-01T18:00:00Z,24,15.2,84.2,1.7,-0.2,100,5,train,,,,,,,,,,,,,,,,,,1,false,false,false
2019116N02090_20190430T210000Z,2019116N02090,2019-04-30T21:00:00Z,2019,2019,4,120,21,13.6,84.2,95,957,TS,1,0.2,-0.4,0,2019-05-01T21:00:00Z,24,15.5,84.3,1.9,0.1,100,5,train,,,,,,,,,,,,,,,,,,1,false,false,false
2019116N02090_20190501T000000Z,2019116N02090,2019-05-01T00:00:00Z,2019,2019,5,121,0,13.9,84.1,95,957,TS,1,0.4,-0.3,0,2019-05-02T00:00:00Z,24,15.9,84.6,2,0.5,105,10,train,,,,,,,,,,,,,,,,,,1,false,false,false
2019116N02090_20190501T030000Z,2019116N02090,2019-05-01T03:00:00Z,2019,2019,5,121,3,14.1,84,95,957,TS,1,0.5,-0.2,0,2019-05-02T03:00:00Z,24,16.2,84.7,2.1,0.7,105,10,train,,,,,,,,,,,,,,,,,,1,false,false,false
2019116N02090_20190501T060000Z,2019116N02090,2019-05-01T06:00:00Z,2019,2019,5,121,6,14.2,84,95,957,TS,1,0.3,-0.1,0,2019-05-02T06:00:00Z,24,16.8,84.8,2.6,0.8,110,15,train,,,,,,,,,,,,,,,,,,1,false,false,false
2019116N02090_20190501T090000Z,2019116N02090,2019-05-01T09:00:00Z,2019,2019,5,121,9,14.5,84.1,95,955,TS,1,0.4,0.1,0,2019-05-02T09:00:00Z,24,17.2,84.8,2.7,0.7,115,20,train,,,,,,,,,,,,,,,,,,1,false,false,false
2019116N02090_20190501T120000Z,2019116N02090,2019-05-01T12:00:00Z,2019,2019,5,121,12,14.9,84.1,100,950,TS,1,0.7,0.1,5,2019-05-02T12:00:00Z,24,17.6,84.8,2.7,0.7,115,15,train,,,,,,,,,,,,,,,,,,1,false,false,false
2019116N02090_20190501T150000Z,2019116N02090,2019-05-01T15:00:00Z,2019,2019,5,121,15,15,84.2,100,950,TS,1,0.5,0.1,5,2019-05-02T15:00:00Z,24,17.9,84.9,2.9,0.7,115,15,train,,,,,,,,,,,,,,,,,,1,false,false,false
2019116N02090_20190501T180000Z,2019116N02090,2019-05-01T18:00:00Z,2019,2019,5,121,18,15.2,84.2,100,950,TS,1,0.3,0.1,0,2019-05-02T18:00:00Z,24,18.3,85,3.1,0.8,115,15,train,,,,,,,,,,,,,,,,,,1,false,false,false
2019116N02090_20190501T210000Z,2019116N02090,2019-05-01T21:00:00Z,2019,2019,5,121,21,15.5,84.3,100,950,TS,1,0.5,0.1,0,2019-05-02T21:00:00Z,24,18.6,85.2,3.1,0.9,115,15,train,,,,,,,,,,,,,,,,,,1,false,false,false
2019116N02090_20190502T000000Z,2019116N02090,2019-05-02T00:00:00Z,2019,2019,5,122,0,15.9,84.6,105,945,TS,1,0.7,0.4,5,2019-05-03T00:00:00Z,24,19.1,85.5,3.2,0.9,105,0,train,,,,,,,,,,,,,,,,,,1,false,false,false
2019116N02090_20190502T030000Z,2019116N02090,2019-05-02T03:00:00Z,2019,2019,5,122,3,16.2,84.7,105,945,TS,1,0.7,0.4,5,2019-05-03T03:00:00Z,24,19.6,85.7,3.4,1,100,-5,train,,,,,,,,,,,,,,,,,,1,false,false,false
2019116N02090_20190502T060000Z,2019116N02090,2019-05-02T06:00:00Z,2019,2019,5,122,6,16.8,84.8,110,940,TS,1,0.9,0.2,5,2019-05-03T06:00:00Z,24,20.2,85.9,3.4,1.1,85,-25,train,,,,,,,,,,,,,,,,,,1,false,false,false
2019116N02090_20190502T090000Z,2019116N02090,2019-05-02T09:00:00Z,2019,2019,5,122,9,17.2,84.8,115,932,TS,1,1,0.1,10,2019-05-03T09:00:00Z,24,20.7,86.1,3.5,1.3,75,-40,train,,,,,,,,,,,,,,,,,,1,false,false,false
2019116N02090_20190502T120000Z,2019116N02090,2019-05-02T12:00:00Z,2019,2019,5,122,12,17.6,84.8,115,932,TS,1,0.8,0,5,2019-05-03T12:00:00Z,24,21.2,86.5,3.6,1.7,70,-45,train,,,,,,,,,,,,,,,,,,1,false,false,false
2019116N02090_20190502T150000Z,2019116N02090,2019-05-02T15:00:00Z,2019,2019,5,122,15,17.9,84.9,115,934,TS,1,0.7,0.1,0,2019-05-03T15:00:00Z,24,21.6,86.9,3.7,2,60,-55,train,,,,,,,,,,,,,,,,,,1,false,false,false
2019116N02090_20190502T180000Z,2019116N02090,2019-05-02T18:00:00Z,2019,2019,5,122,18,18.3,85,115,934,TS,1,0.7,0.2,0,2019-05-03T18:00:00Z,24,22.1,87.4,3.8,2.4,55,-60,train,,,,,,,,,,,,,,,,,,1,false,false,false
2019116N02090_20190502T210000Z,2019116N02090,2019-05-02T21:00:00Z,2019,2019,5,122,21,18.6,85.2,115,934,TS,1,0.7,0.3,0,2019-05-03T21:00:00Z,24,22.6,88.1,4,2.9,50,-65,train,,,,,,,,,,,,,,,,,,1,false,false,false
2019116N02090_20190503T000000Z,2019116N02090,2019-05-03T00:00:00Z,2019,2019,5,123,0,19.1,85.5,105,945,TS,1,0.8,0.5,-10,2019-05-04T00:00:00Z,24,23.2,88.5,4.1,3,40,-65,train,,,,,,,,,,,,,,,,,,1,false,false,false
2019116N02090_20190503T030000Z,2019116N02090,2019-05-03T03:00:00Z,2019,2019,5,123,3,19.6,85.7,100,952,TS,1,1,0.5,-15,2019-05-04T03:00:00Z,24,23.7,89,4.1,3.3,30,-70,train,,,,,,,,,,,,,,,,,,1,false,false,false
2019116N02090_20190503T060000Z,2019116N02090,2019-05-03T06:00:00Z,2019,2019,5,123,6,20.2,85.9,85,966,TS,1,1.1,0.4,-20,2019-05-04T06:00:00Z,24,24.4,89.5,4.2,3.6,25,-60,train,,,,,,,,,,,,,,,,,,1,false,false,false
2019116N02090_20190503T120000Z,2019116N02090,2019-05-03T12:00:00Z,2019,2019,5,123,12,21.2,86.5,70,976,TS,1,1,0.6,-15,2019-05-04T12:00:00Z,24,25.2,90.7,4,4.2,20,-50,train,,,,,,,,,,,,,,,,,,1,false,false,false
2020136N10088_20200515T060000Z,2020136N10088,2020-05-15T06:00:00Z,2020,2020,5,136,6,9.5,87.5,20,1007,DS,0,,,,2020-05-16T06:00:00Z,24,10.3,86.1,0.8,-1.4,25,5,validation,,,,,,,,,,,,,,,,,,1,false,false,false
2020136N10088_20200515T090000Z,2020136N10088,2020-05-15T09:00:00Z,2020,2020,5,136,9,9.5,87.2,25,1005,DS,0,,,,2020-05-16T09:00:00Z,24,10.5,86.1,1,-1.1,30,5,validation,,,,,,,,,,,,,,,,,,1,false,false,false
2020136N10088_20200515T120000Z,2020136N10088,2020-05-15T12:00:00Z,2020,2020,5,136,12,9.5,87,30,1002,TS,1,0,-0.5,10,2020-05-16T12:00:00Z,24,10.6,86.2,1.1,-0.8,35,5,validation,,,,,,,,,,,,,,,,,,1,false,false,false
2020136N10088_20200515T150000Z,2020136N10088,2020-05-15T15:00:00Z,2020,2020,5,136,15,9.5,86.8,30,1002,TS,1,0,-0.4,5,2020-05-16T15:00:00Z,24,10.8,86.1,1.3,-0.7,40,10,validation,,,,,,,,,,,,,,,,,,1,false,false,false
2020136N10088_20200515T180000Z,2020136N10088,2020-05-15T18:00:00Z,2020,2020,5,136,18,9.5,86.6,30,1001,TS,1,0,-0.4,0,2020-05-16T18:00:00Z,24,10.9,86.1,1.4,-0.5,40,10,validation,,,,,,,,,,,,,,,,,,1,false,false,false
2020136N10088_20200515T210000Z,2020136N10088,2020-05-15T21:00:00Z,2020,2020,5,136,21,9.6,86.5,33,1000,TS,1,0.1,-0.3,3,2020-05-16T21:00:00Z,24,11.1,86.1,1.5,-0.4,45,12,validation,,,,,,,,,,,,,,,,,,1,false,false,false
2020136N10088_20200516T000000Z,2020136N10088,2020-05-16T00:00:00Z,2020,2020,5,137,0,9.8,86.4,25,1000,TS,1,0.3,-0.2,-5,2020-05-17T00:00:00Z,24,11.2,86.1,1.4,-0.3,45,20,validation,,,,,,,,,,,,,,,,,,1,false,false,false
2020136N10088_20200516T030000Z,2020136N10088,2020-05-16T03:00:00Z,2020,2020,5,137,3,10.1,86.2,25,1000,TS,1,0.5,-0.3,-8,2020-05-17T03:00:00Z,24,11.3,86.1,1.2,-0.1,50,25,validation,,,,,,,,,,,,,,,,,,1,false,false,false
2020136N10088_20200516T060000Z,2020136N10088,2020-05-16T06:00:00Z,2020,2020,5,137,6,10.3,86.1,25,1000,TS,1,0.5,-0.3,0,2020-05-17T06:00:00Z,24,11.5,86.2,1.2,0.1,55,30,validation,,,,,,,,,,,,,,,,,,1,false,false,false
2020136N10088_20200516T090000Z,2020136N10088,2020-05-16T09:00:00Z,2020,2020,5,137,9,10.5,86.1,30,998,TS,1,0.4,-0.1,5,2020-05-17T09:00:00Z,24,11.6,86.2,1.1,0.1,65,35,validation,,,,,,,,,,,,,,,,,,1,false,false,false
2020136N10088_20200516T120000Z,2020136N10088,2020-05-16T12:00:00Z,2020,2020,5,137,12,10.6,86.2,35,996,TS,1,0.3,0.1,10,2020-05-17T12:00:00Z,24,11.9,86.2,1.3,0,70,35,validation,,,,,,,,,,,,,,,,,,1,false,false,false
2020136N10088_20200516T150000Z,2020136N10088,2020-05-16T15:00:00Z,2020,2020,5,137,15,10.8,86.1,40,995,TS,1,0.3,0,10,2020-05-17T15:00:00Z,24,12.5,86.4,1.7,0.3,75,35,validation,,,,,,,,,,,,,,,,,,1,false,false,false
2020136N10088_20200516T180000Z,2020136N10088,2020-05-16T18:00:00Z,2020,2020,5,137,18,10.9,86.1,40,995,TS,1,0.3,-0.1,5,2020-05-17T18:00:00Z,24,12.5,86.4,1.6,0.3,80,40,validation,,,,,,,,,,,,,,,,,,1,false,false,false
2020136N10088_20200516T210000Z,2020136N10088,2020-05-16T21:00:00Z,2020,2020,5,137,21,11.1,86.1,45,994,TS,1,0.3,0,5,2020-05-17T21:00:00Z,24,12.9,86.5,1.8,0.4,90,45,validation,,,,,,,,,,,,,,,,,,1,false,false,false
2020136N10088_20200517T000000Z,2020136N10088,2020-05-17T00:00:00Z,2020,2020,5,138,0,11.2,86.1,45,993,TS,1,0.3,0,5,2020-05-18T00:00:00Z,24,13.2,86.4,2,0.3,100,55,validation,,,,,,,,,,,,,,,,,,1,false,false,false
2020136N10088_20200517T030000Z,2020136N10088,2020-05-17T03:00:00Z,2020,2020,5,138,3,11.3,86.1,50,990,TS,1,0.2,0,5,2020-05-18T03:00:00Z,24,13.3,86.2,2,0.1,115,65,validation,,,,,,,,,,,,,,,,,,1,false,false,false
2020136N10088_20200517T060000Z,2020136N10088,2020-05-17T06:00:00Z,2020,2020,5,138,6,11.5,86.2,55,988,TS,1,0.3,0.1,10,2020-05-18T06:00:00Z,24,13.4,86.2,1.9,0,120,65,validation,,,,,,,,,,,,,,,,,,1,false,false,false
2020136N10088_20200517T090000Z,2020136N10088,2020-05-17T09:00:00Z,2020,2020,5,138,9,11.6,86.2,65,980,TS,1,0.3,0.1,15,2020-05-18T09:00:00Z,24,13.7,86.2,2.1,0,120,55,validation,,,,,,,,,,,,,,,,,,1,false,false,false
2020136N10088_20200517T120000Z,2020136N10088,2020-05-17T12:00:00Z,2020,2020,5,138,12,11.9,86.2,70,978,TS,1,0.4,0,15,2020-05-18T12:00:00Z,24,14.1,86.4,2.2,0.2,125,55,validation,,,,,,,,,,,,,,,,,,1,false,false,false
2020136N10088_20200517T150000Z,2020136N10088,2020-05-17T15:00:00Z,2020,2020,5,138,15,12.5,86.4,75,972,TS,1,0.9,0.2,10,2020-05-18T15:00:00Z,24,14.5,86.5,2,0.1,125,50,validation,,,,,,,,,,,,,,,,,,1,false,false,false
2020136N10088_20200517T180000Z,2020136N10088,2020-05-17T18:00:00Z,2020,2020,5,138,18,12.5,86.4,80,970,TS,1,0.6,0.2,10,2020-05-18T18:00:00Z,24,14.9,86.6,2.4,0.2,130,50,validation,,,,,,,,,,,,,,,,,,1,false,false,false
2020136N10088_20200517T210000Z,2020136N10088,2020-05-17T21:00:00Z,2020,2020,5,138,21,12.9,86.5,90,962,TS,1,0.4,0.1,15,2020-05-18T21:00:00Z,24,15.2,86.7,2.3,0.2,130,40,validation,,,,,,,,,,,,,,,,,,1,false,false,false
2020136N10088_20200518T000000Z,2020136N10088,2020-05-18T00:00:00Z,2020,2020,5,139,0,13.2,86.4,100,952,TS,1,0.7,0,20,2020-05-19T00:00:00Z,24,15.6,86.8,2.4,0.4,125,25,validation,,,,,,,,,,,,,,,,,,1,false,false,false
2020136N10088_20200518T030000Z,2020136N10088,2020-05-18T03:00:00Z,2020,2020,5,139,3,13.3,86.2,115,936,TS,1,0.4,-0.3,25,2020-05-19T03:00:00Z,24,16,86.9,2.7,0.7,120,5,validation,,,,,,,,,,,,,,,,,,1,false,false,false
2020136N10088_20200518T060000Z,2020136N10088,2020-05-18T06:00:00Z,2020,2020,5,139,6,13.4,86.2,120,930,TS,1,0.2,-0.2,20,2020-05-19T06:00:00Z,24,16.5,87,3.1,0.8,115,-5,validation,,,,,,,,,,,,,,,,,,1,false,false,false
2020136N10088_20200518T090000Z,2020136N10088,2020-05-18T09:00:00Z,2020,2020,5,139,9,13.7,86.2,120,930,TS,1,0.4,0,5,2020-05-19T09:00:00Z,24,16.9,87,3.2,0.8,110,-10,validation,,,,,,,,,,,,,,,,,,1,false,false,false
2020136N10088_20200518T120000Z,2020136N10088,2020-05-18T12:00:00Z,2020,2020,5,139,12,14.1,86.4,125,926,TS,1,0.7,0.2,5,2020-05-19T12:00:00Z,24,17.3,87.1,3.2,0.7,105,-20,validation,,,,,,,,,,,,,,,,,,1,false,false,false
2020136N10088_20200518T150000Z,2020136N10088,2020-05-18T15:00:00Z,2020,2020,5,139,15,14.5,86.5,125,926,TS,1,0.8,0.3,5,2020-05-19T15:00:00Z,24,17.9,87.1,3.4,0.6,100,-25,validation,,,,,,,,,,,,,,,,,,1,false,false,false
2020136N10088_20200518T180000Z,2020136N10088,2020-05-18T18:00:00Z,2020,2020,5,139,18,14.9,86.6,130,920,TS,1,0.8,0.2,5,2020-05-19T18:00:00Z,24,18.3,87.2,3.4,0.6,100,-30,validation,,,,,,,,,,,,,,,,,,1,false,false,false
2020136N10088_20200518T210000Z,2020136N10088,2020-05-18T21:00:00Z,2020,2020,5,139,21,15.2,86.7,130,920,TS,1,0.7,0.2,5,2020-05-19T21:00:00Z,24,18.7,87.3,3.5,0.6,100,-30,validation,,,,,,,,,,,,,,,,,,1,false,false,false
2020136N10088_20200519T000000Z,2020136N10088,2020-05-19T00:00:00Z,2020,2020,5,140,0,15.6,86.8,125,926,TS,1,0.7,0.2,-5,2020-05-20T00:00:00Z,24,19.2,87.5,3.6,0.7,95,-30,validation,,,,,,,,,,,,,,,,,,1,false,false,false
2020136N10088_20200519T030000Z,2020136N10088,2020-05-19T03:00:00Z,2020,2020,5,140,3,16,86.9,120,930,TS,1,0.8,0.2,-10,2020-05-20T03:00:00Z,24,19.8,87.7,3.8,0.8,95,-25,validation,,,,,,,,,,,,,,,,,,1,false,false,false
2020136N10088_20200519T060000Z,2020136N10088,2020-05-19T06:00:00Z,2020,2020,5,140,6,16.5,87,115,936,TS,1,0.9,0.2,-10,2020-05-20T06:00:00Z,24,20.6,88,4.1,1,90,-25,validation,,,,,,,,,,,,,,,,,,1,false,false,false
2020136N10088_20200519T090000Z,2020136N10088,2020-05-19T09:00:00Z,2020,2020,5,140,9,16.9,87,110,942,TS,1,0.9,0.1,-10,2020-05-20T09:00:00Z,24,21.4,88.1,4.5,1.1,90,-20,validation,,,,,,,,,,,,,,,,,,1,false,false,false
2020136N10088_20200519T120000Z,2020136N10088,2020-05-19T12:00:00Z,2020,2020,5,140,12,17.3,87.1,105,946,TS,1,0.8,0.1,-10,2020-05-20T12:00:00Z,24,22.1,88.4,4.8,1.3,85,-20,validation,,,,,,,,,,,,,,,,,,1,false,false,false
2020136N10088_20200519T150000Z,2020136N10088,2020-05-19T15:00:00Z,2020,2020,5,140,15,17.9,87.1,100,948,TS,1,1,0.1,-10,2020-05-20T15:00:00Z,24,22.8,88.6,4.9,1.5,65,-35,validation,,,,,,,,,,,,,,,,,,1,false,false,false
2020136N10088_20200519T180000Z,2020136N10088,2020-05-19T18:00:00Z,2020,2020,5,140,18,18.3,87.2,100,948,TS,1,1,0.1,-5,2020-05-20T18:00:00Z,24,23.5,89.1,5.2,1.9,50,-50,validation,,,,,,,,,,,,,,,,,,1,false,false,false
2020136N10088_20200519T210000Z,2020136N10088,2020-05-19T21:00:00Z,2020,2020,5,140,21,18.7,87.3,100,948,TS,1,0.8,0.2,0,2020-05-20T21:00:00Z,24,24.3,89.3,5.6,2,45,-55,validation,,,,,,,,,,,,,,,,,,1,false,false,false
2020136N10088_20200520T000000Z,2020136N10088,2020-05-20T00:00:00Z,2020,2020,5,141,0,19.2,87.5,95,952,TS,1,0.9,0.3,-5,2020-05-21T00:00:00Z,24,24.6,89.6,5.4,2.1,40,-55,validation,,,,,,,,,,,,,,,,,,1,false,false,false
2020136N10088_20200520T030000Z,2020136N10088,2020-05-20T03:00:00Z,2020,2020,5,141,3,19.8,87.7,95,954,TS,1,1.1,0.4,-5,2020-05-21T03:00:00Z,24,25.1,89.9,5.3,2.2,35,-60,validation,,,,,,,,,,,,,,,,,,1,false,false,false
2020136N10088_20200520T060000Z,2020136N10088,2020-05-20T06:00:00Z,2020,2020,5,141,6,20.6,88,90,956,TS,1,1.4,0.5,-5,2020-05-21T06:00:00Z,24,25.4,90.1,4.8,2.1,30,-60,validation,,,,,,,,,,,,,,,,,,1,false,false,false
2020136N10088_20200520T120000Z,2020136N10088,2020-05-20T12:00:00Z,2020,2020,5,141,12,22.1,88.4,85,957,TS,1,1.5,0.4,-5,2020-05-21T12:00:00Z,24,25.4,89.6,3.3,1.2,20,-65,validation,,,,,,,,,,,,,,,,,,1,false,false,false
2021133N10071_20210513T060000Z,2021133N10071,2021-05-13T06:00:00Z,2021,2021,5,133,6,10,70.9,20,1007,DS,0,,,,2021-05-14T06:00:00Z,24,11.2,72.2,1.2,1.3,25,5,validation,,,,,,,,,,,,,,,,,,1,false,false,false
2021133N10071_20210513T090000Z,2021133N10071,2021-05-13T09:00:00Z,2021,2021,5,133,9,10.1,71.1,23,1006,DS,0,,,,2021-05-14T09:00:00Z,24,11.5,72.4,1.4,1.3,30,7,validation,,,,,,,,,,,,,,,,,,1,false,false,false
2021133N10071_20210513T120000Z,2021133N10071,2021-05-13T12:00:00Z,2021,2021,5,133,12,10.2,71.3,25,1004,TS,1,0.2,0.4,5,2021-05-14T12:00:00Z,24,11.7,72.6,1.5,1.3,30,5,validation,,,,,,,,,,,,,,,,,,1,false,false,false
2021133N10071_20210513T150000Z,2021133N10071,2021-05-13T15:00:00Z,2021,2021,5,133,15,10.3,71.4,25,1002,TS,1,0.2,0.3,2,2021-05-14T15:00:00Z,24,12,72.7,1.7,1.3,43,18,validation,,,,,,,,,,,,,,,,,,1,false,false,false
2021133N10071_20210513T180000Z,2021133N10071,2021-05-13T18:00:00Z,2021,2021,5,133,18,10.5,71.5,25,999,TS,1,0.3,0.2,0,2021-05-14T18:00:00Z,24,12.3,72.8,1.8,1.3,35,10,validation,,,,,,,,,,,,,,,,,,1,false,false,false
2021133N10071_20210513T210000Z,2021133N10071,2021-05-13T21:00:00Z,2021,2021,5,133,21,10.7,71.6,28,998,TS,1,0.4,0.2,3,2021-05-14T21:00:00Z,24,12.4,72.8,1.7,1.2,40,12,validation,,,,,,,,,,,,,,,,,,1,false,false,false
2021133N10071_20210514T000000Z,2021133N10071,2021-05-14T00:00:00Z,2021,2021,5,134,0,10.9,71.8,30,997,TS,1,0.4,0.3,5,2021-05-15T00:00:00Z,24,12.8,72.9,1.9,1.1,40,10,validation,,,,,,,,,,,,,,,,,,1,false,false,false
2021133N10071_20210514T030000Z,2021133N10071,2021-05-14T03:00:00Z,2021,2021,5,134,3,11,72,25,997,TS,1,0.3,0.4,-3,2021-05-15T03:00:00Z,24,13,72.9,2,0.9,40,15,validation,,,,,,,,,,,,,,,,,,1,false,false,false
2021133N10071_20210514T060000Z,2021133N10071,2021-05-14T06:00:00Z,2021,2021,5,134,6,11.2,72.2,25,996,TS,1,0.3,0.4,-5,2021-05-15T06:00:00Z,24,13.3,73,2.1,0.8,45,20,validation,,,,,,,,,,,,,,,,,,1,false,false,false
2021133N10071_20210514T090000Z,2021133N10071,2021-05-14T09:00:00Z,2021,2021,5,134,9,11.5,72.4,30,995,TS,1,0.5,0.4,5,2021-05-15T09:00:00Z,24,13.6,73,2.1,0.6,45,15,validation,,,,,,,,,,,,,,,,,,1,false,false,false
2021133N10071_20210514T120000Z,2021133N10071,2021-05-14T12:00:00Z,2021,2021,5,134,12,11.7,72.6,30,995,TS,1,0.5,0.4,5,2021-05-15T12:00:00Z,24,13.9,73,2.2,0.4,55,25,validation,,,,,,,,,,,,,,,,,,1,false,false,false
2021133N10071_20210514T150000Z,2021133N10071,2021-05-14T15:00:00Z,2021,2021,5,134,15,12,72.7,43,993,TS,1,0.5,0.3,13,2021-05-15T15:00:00Z,24,14.2,72.9,2.2,0.2,55,12,validation,,,,,,,,,,,,,,,,,,1,false,false,false
2021133N10071_20210514T180000Z,2021133N10071,2021-05-14T18:00:00Z,2021,2021,5,134,18,12.3,72.8,35,993,TS,1,0.6,0.2,5,2021-05-15T18:00:00Z,24,14.5,72.8,2.2,0,60,25,validation,,,,,,,,,,,,,,,,,,1,false,false,false
2021133N10071_20210514T210000Z,2021133N10071,2021-05-14T21:00:00Z,2021,2021,5,134,21,12.4,72.8,40,992,TS,1,0.4,0.1,-3,2021-05-15T21:00:00Z,24,14.7,72.8,2.3,0,60,20,validation,,,,,,,,,,,,,,,,,,1,false,false,false
2021133N10071_20210515T000000Z,2021133N10071,2021-05-15T00:00:00Z,2021,2021,5,135,0,12.8,72.9,40,992,TS,1,0.5,0.1,5,2021-05-16T00:00:00Z,24,15,72.8,2.2,-0.1,65,25,validation,,,,,,,,,,,,,,,,,,1,false,false,false
2021133N10071_20210515T030000Z,2021133N10071,2021-05-15T03:00:00Z,2021,2021,5,135,3,13,72.9,40,992,TS,1,0.6,0.1,0,2021-05-16T03:00:00Z,24,15.4,72.8,2.4,-0.1,70,30,validation,,,,,,,,,,,,,,,,,,1,false,false,false
2021133N10071_20210515T060000Z,2021133N10071,2021-05-15T06:00:00Z,2021,2021,5,135,6,13.3,73,45,990,TS,1,0.5,0.1,5,2021-05-16T06:00:00Z,24,15.8,72.8,2.5,-0.2,70,25,validation,,,,,,,,,,,,,,,,,,1,false,false,false
2021133N10071_20210515T090000Z,2021133N10071,2021-05-15T09:00:00Z,2021,2021,5,135,9,13.6,73,45,990,TS,1,0.6,0.1,5,2021-05-16T09:00:00Z,24,16.3,72.7,2.7,-0.3,70,25,validation,,,,,,,,,,,,,,,,,,1,false,false,false
2021133N10071_20210515T120000Z,2021133N10071,2021-05-15T12:00:00Z,2021,2021,5,135,12,13.9,73,55,985,TS,1,0.6,0,10,2021-05-16T12:00:00Z,24,16.8,72.5,2.9,-0.5,75,20,validation,,,,,,,,,,,,,,,,,,1,false,false,false
2021133N10071_20210515T150000Z,2021133N10071,2021-05-15T15:00:00Z,2021,2021,5,135,15,14.2,72.9,55,984,TS,1,0.6,-0.1,10,2021-05-16T15:00:00Z,24,17.3,72.3,3.1,-0.6,80,25,validation,,,,,,,,,,,,,,,,,,1,false,false,false
2021133N10071_20210515T180000Z,2021133N10071,2021-05-15T18:00:00Z,2021,2021,5,135,18,14.5,72.8,60,982,TS,1,0.6,-0.2,5,2021-05-16T18:00:00Z,24,17.7,72,3.2,-0.8,85,25,validation,,,,,,,,,,,,,,,,,,1,false,false,false
2021133N10071_20210515T210000Z,2021133N10071,2021-05-15T21:00:00Z,2021,2021,5,135,21,14.7,72.8,60,982,TS,1,0.5,-0.1,5,2021-05-16T21:00:00Z,24,18,71.8,3.3,-1,90,30,validation,,,,,,,,,,,,,,,,,,1,false,false,false
2021133N10071_20210516T000000Z,2021133N10071,2021-05-16T00:00:00Z,2021,2021,5,136,0,15,72.8,65,979,TS,1,0.5,0,5,2021-05-17T00:00:00Z,24,18.4,71.7,3.4,-1.1,100,35,validation,,,,,,,,,,,,,,,,,,1,false,false,false
2021133N10071_20210516T030000Z,2021133N10071,2021-05-16T03:00:00Z,2021,2021,5,136,3,15.4,72.8,70,976,TS,1,0.7,0,10,2021-05-17T03:00:00Z,24,18.8,71.6,3.4,-1.2,100,30,validation,,,,,,,,,,,,,,,,,,1,false,false,false
2021133N10071_20210516T060000Z,2021133N10071,2021-05-16T06:00:00Z,2021,2021,5,136,6,15.8,72.8,70,976,TS,1,0.8,0,5,2021-05-17T06:00:00Z,24,19.3,71.5,3.5,-1.3,100,30,validation,,,,,,,,,,,,,,,,,,1,false,false,false
2021133N10071_20210516T090000Z,2021133N10071,2021-05-16T09:00:00Z,2021,2021,5,136,9,16.3,72.7,70,976,TS,1,0.9,-0.1,0,2021-05-17T09:00:00Z,24,19.6,71.4,3.3,-1.3,100,30,validation,,,,,,,,,,,,,,,,,,1,false,false,false
2021133N10071_20210516T120000Z,2021133N10071,2021-05-16T12:00:00Z,2021,2021,5,136,12,16.8,72.5,75,972,TS,1,1,-0.3,5,2021-05-17T12:00:00Z,24,20.1,71.4,3.3,-1.1,95,20,validation,,,,,,,,,,,,,,,,,,1,false,false,false
2021133N10071_20210516T150000Z,2021133N10071,2021-05-16T15:00:00Z,2021,2021,5,136,15,17.3,72.3,80,968,TS,1,1,-0.4,10,2021-05-17T15:00:00Z,24,20.5,71.3,3.2,-1,90,10,validation,,,,,,,,,,,,,,,,,,1,false,false,false
2021133N10071_20210516T180000Z,2021133N10071,2021-05-16T18:00:00Z,2021,2021,5,136,18,17.7,72,85,964,TS,1,0.9,-0.5,10,2021-05-17T18:00:00Z,24,20.9,71.2,3.2,-0.8,85,0,validation,,,,,,,,,,,,,,,,,,1,false,false,false
2021133N10071_20210516T210000Z,2021133N10071,2021-05-16T21:00:00Z,2021,2021,5,136,21,18,71.8,90,960,TS,1,0.7,-0.5,10,2021-05-17T21:00:00Z,24,21.2,71.2,3.2,-0.6,75,-15,validation,,,,,,,,,,,,,,,,,,1,false,false,false
2021133N10071_20210517T000000Z,2021133N10071,2021-05-17T00:00:00Z,2021,2021,5,137,0,18.4,71.7,100,950,TS,1,0.7,-0.3,15,2021-05-18T00:00:00Z,24,21.5,71.2,3.1,-0.5,65,-35,validation,,,,,,,,,,,,,,,,,,1,false,false,false
2021133N10071_20210517T030000Z,2021133N10071,2021-05-17T03:00:00Z,2021,2021,5,137,3,18.8,71.6,100,950,TS,1,0.8,-0.2,10,2021-05-18T03:00:00Z,24,21.7,71.3,2.9,-0.3,55,-45,validation,,,,,,,,,,,,,,,,,,1,false,false,false
2021133N10071_20210517T060000Z,2021133N10071,2021-05-17T06:00:00Z,2021,2021,5,137,6,19.3,71.5,100,950,TS,1,0.9,-0.2,0,2021-05-18T06:00:00Z,24,22.1,71.6,2.8,0.1,45,-55,validation,,,,,,,,,,,,,,,,,,1,false,false,false
2021133N10071_20210517T090000Z,2021133N10071,2021-05-17T09:00:00Z,2021,2021,5,137,9,19.6,71.4,100,950,TS,1,0.8,-0.2,0,2021-05-18T09:00:00Z,24,22.6,71.7,3,0.3,40,-60,validation,,,,,,,,,,,,,,,,,,1,false,false,false
2021133N10071_20210517T120000Z,2021133N10071,2021-05-17T12:00:00Z,2021,2021,5,137,12,20.1,71.4,95,955,TS,1,0.8,-0.1,-5,2021-05-18T12:00:00Z,24,23.2,72.1,3.1,0.7,35,-60,validation,,,,,,,,,,,,,,,,,,1,false,false,false
2021133N10071_20210517T150000Z,2021133N10071,2021-05-17T15:00:00Z,2021,2021,5,137,15,20.5,71.3,90,960,TS,1,0.9,-0.1,-10,2021-05-18T15:00:00Z,24,23.7,72.5,3.2,1.2,30,-60,validation,,,,,,,,,,,,,,,,,,1,false,false,false
2021133N10071_20210517T180000Z,2021133N10071,2021-05-17T18:00:00Z,2021,2021,5,137,18,20.9,71.2,85,964,TS,1,0.8,-0.2,-10,2021-05-18T18:00:00Z,24,24.1,73.1,3.2,1.9,30,-55,validation,,,,,,,,,,,,,,,,,,1,false,false,false
2021133N10071_20210517T210000Z,2021133N10071,2021-05-17T21:00:00Z,2021,2021,5,137,21,21.2,71.2,75,972,TS,1,0.7,-0.1,-15,2021-05-18T21:00:00Z,24,24.4,73.4,3.2,2.2,38,-37,validation,,,,,,,,,,,,,,,,,,1,false,false,false
2021133N10071_20210518T000000Z,2021133N10071,2021-05-18T00:00:00Z,2021,2021,5,138,0,21.5,71.2,65,978,TS,1,0.6,0,-20,2021-05-19T00:00:00Z,24,24.6,73.6,3.1,2.4,25,-40,validation,,,,,,,,,,,,,,,,,,1,false,false,false
2021133N10071_20210518T030000Z,2021133N10071,2021-05-18T03:00:00Z,2021,2021,5,138,3,21.7,71.3,55,984,TS,1,0.5,0.1,-20,2021-05-19T03:00:00Z,24,24.9,73.7,3.2,2.4,20,-35,validation,,,,,,,,,,,,,,,,,,1,false,false,false
2021133N10071_20210518T060000Z,2021133N10071,2021-05-18T06:00:00Z,2021,2021,5,138,6,22.1,71.6,45,990,TS,1,0.6,0.4,-20,2021-05-19T06:00:00Z,24,25.8,74.8,3.7,3.2,20,-25,validation,,,,,,,,,,,,,,,,,,1,false,false,false
2021143N15090_20210523T000000Z,2021143N15090,2021-05-23T00:00:00Z,2021,2021,5,143,0,15.5,90,20,1000,DS,0,,,,2021-05-24T00:00:00Z,24,16.1,89.8,0.6,-0.2,35,15,validation,,,,,,,,,,,,,,,,,,1,false,false,false
2021143N15090_20210523T030000Z,2021143N15090,2021-05-23T03:00:00Z,2021,2021,5,143,3,15.4,89.9,23,999,DS,0,,,,2021-05-24T03:00:00Z,24,16.5,89.7,1.1,-0.2,40,17,validation,,,,,,,,,,,,,,,,,,1,false,false,false
2021143N15090_20210523T060000Z,2021143N15090,2021-05-23T06:00:00Z,2021,2021,5,143,6,15.6,89.8,25,996,TS,1,0.1,-0.2,5,2021-05-24T06:00:00Z,24,16.6,89.6,1,-0.2,40,15,validation,,,,,,,,,,,,,,,,,,1,false,false,false
2021143N15090_20210523T090000Z,2021143N15090,2021-05-23T09:00:00Z,2021,2021,5,143,9,15.6,89.7,28,997,TS,1,0.2,-0.2,5,2021-05-24T09:00:00Z,24,16.9,89.6,1.3,-0.1,40,12,validation,,,,,,,,,,,,,,,,,,1,false,false,false
2021143N15090_20210523T120000Z,2021143N15090,2021-05-23T12:00:00Z,2021,2021,5,143,12,15.7,89.6,25,994,TS,1,0.1,-0.2,0,2021-05-24T12:00:00Z,24,17.2,89.4,1.5,-0.2,45,20,validation,,,,,,,,,,,,,,,,,,1,false,false,false
2021143N15090_20210523T150000Z,2021143N15090,2021-05-23T15:00:00Z,2021,2021,5,143,15,15.8,89.5,33,995,TS,1,0.2,-0.2,5,2021-05-24T15:00:00Z,24,17.4,89.2,1.6,-0.3,45,12,validation,,,,,,,,,,,,,,,,,,1,false,false,false
2021143N15090_20210524T000000Z,2021143N15090,2021-05-24T00:00:00Z,2021,2021,5,144,0,16.1,89.8,35,990,TS,0,,,,2021-05-25T00:00:00Z,24,18.1,88.6,2,-1.2,55,20,validation,,,,,,,,,,,,,,,,,,1,false,false,false
2021143N15090_20210524T030000Z,2021143N15090,2021-05-24T03:00:00Z,2021,2021,5,144,3,16.5,89.7,40,988,TS,0,,,,2021-05-25T03:00:00Z,24,18.4,88.4,1.9,-1.3,55,15,validation,,,,,,,,,,,,,,,,,,1,false,false,false
2021143N15090_20210524T060000Z,2021143N15090,2021-05-24T06:00:00Z,2021,2021,5,144,6,16.6,89.6,40,988,TS,1,0.5,-0.2,5,2021-05-25T06:00:00Z,24,18.8,88.2,2.2,-1.4,60,20,validation,,,,,,,,,,,,,,,,,,1,false,false,false
2021143N15090_20210524T090000Z,2021143N15090,2021-05-24T09:00:00Z,2021,2021,5,144,9,16.9,89.6,40,988,TS,1,0.4,-0.1,0,2021-05-25T09:00:00Z,24,19.1,88.2,2.2,-1.4,60,20,validation,,,,,,,,,,,,,,,,,,1,false,false,false
2021143N15090_20210524T120000Z,2021143N15090,2021-05-24T12:00:00Z,2021,2021,5,144,12,17.2,89.4,45,986,TS,1,0.6,-0.2,5,2021-05-25T12:00:00Z,24,19.5,88.2,2.3,-1.2,65,20,validation,,,,,,,,,,,,,,,,,,1,false,false,false
2021143N15090_20210524T150000Z,2021143N15090,2021-05-24T15:00:00Z,2021,2021,5,144,15,17.4,89.2,45,986,TS,1,0.5,-0.4,5,2021-05-25T15:00:00Z,24,19.9,88,2.5,-1.2,65,20,validation,,,,,,,,,,,,,,,,,,1,false,false,false
2021143N15090_20210524T180000Z,2021143N15090,2021-05-24T18:00:00Z,2021,2021,5,144,18,17.6,89,50,984,TS,1,0.4,-0.4,5,2021-05-25T18:00:00Z,24,20.3,87.8,2.7,-1.2,70,20,validation,,,,,,,,,,,,,,,,,,1,false,false,false
2021143N15090_20210524T210000Z,2021143N15090,2021-05-24T21:00:00Z,2021,2021,5,144,21,17.8,88.9,55,982,TS,1,0.4,-0.3,10,2021-05-25T21:00:00Z,24,20.4,87.7,2.6,-1.2,75,20,validation,,,,,,,,,,,,,,,,,,1,false,false,false
2021143N15090_20210525T000000Z,2021143N15090,2021-05-25T00:00:00Z,2021,2021,5,145,0,18.1,88.6,55,980,TS,1,0.5,-0.4,5,2021-05-26T00:00:00Z,24,20.6,87.6,2.5,-1,75,20,validation,,,,,,,,,,,,,,,,,,1,false,false,false
2021143N15090_20210525T030000Z,2021143N15090,2021-05-25T03:00:00Z,2021,2021,5,145,3,18.4,88.4,55,980,TS,1,0.6,-0.5,0,2021-05-26T03:00:00Z,24,21.1,87.2,2.7,-1.2,75,20,validation,,,,,,,,,,,,,,,,,,1,false,false,false
2021143N15090_20210525T060000Z,2021143N15090,2021-05-25T06:00:00Z,2021,2021,5,145,6,18.8,88.2,60,978,TS,1,0.7,-0.4,5,2021-05-26T06:00:00Z,24,21.5,86.9,2.7,-1.3,75,15,validation,,,,,,,,,,,,,,,,,,1,false,false,false
2021143N15090_20210525T090000Z,2021143N15090,2021-05-25T09:00:00Z,2021,2021,5,145,9,19.1,88.2,60,978,TS,1,0.7,-0.2,5,2021-05-26T09:00:00Z,24,21.7,86.6,2.6,-1.6,55,-5,validation,,,,,,,,,,,,,,,,,,1,false,false,false
2021143N15090_20210525T120000Z,2021143N15090,2021-05-25T12:00:00Z,2021,2021,5,145,12,19.5,88.2,65,976,TS,1,0.7,0,5,2021-05-26T12:00:00Z,24,21.9,86.5,2.4,-1.7,45,-20,validation,,,,,,,,,,,,,,,,,,1,false,false,false
2021143N15090_20210525T150000Z,2021143N15090,2021-05-25T15:00:00Z,2021,2021,5,145,15,19.9,88,65,976,TS,1,0.8,-0.2,5,2021-05-26T15:00:00Z,24,22.2,86.1,2.3,-1.9,40,-25,validation,,,,,,,,,,,,,,,,,,1,false,false,false
2021143N15090_20210525T180000Z,2021143N15090,2021-05-25T18:00:00Z,2021,2021,5,145,18,20.3,87.8,70,974,TS,1,0.8,-0.4,5,2021-05-26T18:00:00Z,24,22.5,85.8,2.2,-2,30,-40,validation,,,,,,,,,,,,,,,,,,1,false,false,false
2021143N15090_20210525T210000Z,2021143N15090,2021-05-25T21:00:00Z,2021,2021,5,145,21,20.4,87.7,75,970,TS,1,0.5,-0.3,10,2021-05-26T21:00:00Z,24,22.8,85.7,2.4,-2,30,-45,validation,,,,,,,,,,,,,,,,,,1,false,false,false
2021143N15090_20210526T000000Z,2021143N15090,2021-05-26T00:00:00Z,2021,2021,5,146,0,20.6,87.6,75,970,TS,1,0.3,-0.2,5,2021-05-27T00:00:00Z,24,23.1,85.7,2.5,-1.9,30,-45,validation,,,,,,,,,,,,,,,,,,1,false,false,false
2021143N15090_20210526T030000Z,2021143N15090,2021-05-26T03:00:00Z,2021,2021,5,146,3,21.1,87.2,75,970,TS,1,0.7,-0.5,0,2021-05-27T03:00:00Z,24,23.3,85.7,2.2,-1.5,30,-45,validation,,,,,,,,,,,,,,,,,,1,false,false,false
2021143N15090_20210526T120000Z,2021143N15090,2021-05-26T12:00:00Z,2021,2021,5,146,12,21.9,86.5,45,984,TS,1,0.4,-0.4,-30,2021-05-27T12:00:00Z,24,24.3,85.3,2.4,-1.2,25,-20,validation,,,,,,,,,,,,,,,,,,1,false,false,false
2021143N15090_20210526T180000Z,2021143N15090,2021-05-26T18:00:00Z,2021,2021,5,146,18,22.5,85.8,30,988,TS,1,0.6,-0.7,-15,2021-05-27T18:00:00Z,24,24.7,84.8,2.2,-1,25,-5,validation,,,,,,,,,,,,,,,,,,1,false,false,false
2022126N07095_20220505T120000Z,2022126N07095,2022-05-05T12:00:00Z,2022,2022,5,125,12,7.1,94.5,15,1010,DS,0,,,,2022-05-06T12:00:00Z,24,8.2,92.9,1.1,-1.6,25,10,validation,,,,,,,,,,,,,,,,,,1,false,false,false
2022126N07095_20220505T150000Z,2022126N07095,2022-05-05T15:00:00Z,2022,2022,5,125,15,7.2,94.2,15,1010,DS,0,,,,2022-05-06T15:00:00Z,24,8.3,92.7,1.1,-1.5,28,13,validation,,,,,,,,,,,,,,,,,,1,false,false,false
2022126N07095_20220505T180000Z,2022126N07095,2022-05-05T18:00:00Z,2022,2022,5,125,18,7.4,94,15,1010,DS,1,0.3,-0.5,0,2022-05-06T18:00:00Z,24,8.5,92.4,1.1,-1.6,30,15,validation,,,,,,,,,,,,,,,,,,1,false,false,false
2022126N07095_20220505T210000Z,2022126N07095,2022-05-05T21:00:00Z,2022,2022,5,125,21,7.6,93.8,18,1008,DS,1,0.4,-0.4,3,2022-05-06T21:00:00Z,24,8.9,91.9,1.3,-1.9,33,15,validation,,,,,,,,,,,,,,,,,,1,false,false,false
2022126N07095_20220506T000000Z,2022126N07095,2022-05-06T00:00:00Z,2022,2022,5,126,0,7.7,93.6,20,1005,DS,1,0.3,-0.4,5,2022-05-07T00:00:00Z,24,9.2,91.5,1.5,-2.1,35,15,validation,,,,,,,,,,,,,,,,,,1,false,false,false
2022126N07095_20220506T030000Z,2022126N07095,2022-05-06T03:00:00Z,2022,2022,5,126,3,7.8,93.4,20,1005,DS,1,0.2,-0.4,2,2022-05-07T03:00:00Z,24,9.3,91.3,1.5,-2.1,38,18,validation,,,,,,,,,,,,,,,,,,1,false,false,false
2022126N07095_20220506T060000Z,2022126N07095,2022-05-06T06:00:00Z,2022,2022,5,126,6,7.9,93.3,20,1004,DS,1,0.2,-0.3,0,2022-05-07T06:00:00Z,24,9.4,91.2,1.5,-2.1,25,5,validation,,,,,,,,,,,,,,,,,,1,false,false,false
2022126N07095_20220506T090000Z,2022126N07095,2022-05-06T09:00:00Z,2022,2022,5,126,9,8,93.1,23,1004,DS,1,0.2,-0.3,3,2022-05-07T09:00:00Z,24,9.7,90.8,1.7,-2.3,45,22,validation,,,,,,,,,,,,,,,,,,1,false,false,false
2022126N07095_20220506T120000Z,2022126N07095,2022-05-06T12:00:00Z,2022,2022,5,126,12,8.2,92.9,25,1003,TS,1,0.3,-0.4,5,2022-05-07T12:00:00Z,24,10.1,90.5,1.9,-2.4,30,5,validation,,,,,,,,,,,,,,,,,,1,false,false,false
2022126N07095_20220506T150000Z,2022126N07095,2022-05-06T15:00:00Z,2022,2022,5,126,15,8.3,92.7,28,1002,TS,1,0.3,-0.4,5,2022-05-07T15:00:00Z,24,10.4,90.2,2.1,-2.5,50,22,validation,,,,,,,,,,,,,,,,,,1,false,false,false
2022126N07095_20220506T180000Z,2022126N07095,2022-05-06T18:00:00Z,2022,2022,5,126,18,8.5,92.4,30,1001,TS,1,0.3,-0.5,5,2022-05-07T18:00:00Z,24,10.7,90,2.2,-2.4,30,0,validation,,,,,,,,,,,,,,,,,,1,false,false,false
2022126N07095_20220506T210000Z,2022126N07095,2022-05-06T21:00:00Z,2022,2022,5,126,21,8.9,91.9,33,1000,TS,1,0.6,-0.8,5,2022-05-07T21:00:00Z,24,10.9,89.6,2,-2.3,55,22,validation,,,,,,,,,,,,,,,,,,1,false,false,false
2022126N07095_20220507T000000Z,2022126N07095,2022-05-07T00:00:00Z,2022,2022,5,127,0,9.2,91.5,35,999,TS,1,0.7,-0.9,5,2022-05-08T00:00:00Z,24,11.2,89.3,2,-2.2,35,0,validation,,,,,,,,,,,,,,,,,,1,false,false,false
2022126N07095_20220507T030000Z,2022126N07095,2022-05-07T03:00:00Z,2022,2022,5,127,3,9.3,91.3,38,997,TS,1,0.4,-0.6,5,2022-05-08T03:00:00Z,24,11.5,88.9,2.2,-2.4,40,2,validation,,,,,,,,,,,,,,,,,,1,false,false,false
2022126N07095_20220507T060000Z,2022126N07095,2022-05-07T06:00:00Z,2022,2022,5,127,6,9.4,91.2,25,996,TS,1,0.2,-0.3,-10,2022-05-08T06:00:00Z,24,11.9,88.6,2.5,-2.6,45,20,validation,,,,,,,,,,,,,,,,,,1,false,false,false
2022126N07095_20220507T090000Z,2022126N07095,2022-05-07T09:00:00Z,2022,2022,5,127,9,9.7,90.8,45,993,TS,1,0.4,-0.5,7,2022-05-08T09:00:00Z,24,12.1,88.2,2.4,-2.6,45,0,validation,,,,,,,,,,,,,,,,,,1,false,false,false
2022126N07095_20220507T120000Z,2022126N07095,2022-05-07T12:00:00Z,2022,2022,5,127,12,10.1,90.5,30,995,TS,1,0.7,-0.7,5,2022-05-08T12:00:00Z,24,12.5,88,2.4,-2.5,50,20,validation,,,,,,,,,,,,,,,,,,1,false,false,false
2022126N07095_20220507T150000Z,2022126N07095,2022-05-07T15:00:00Z,2022,2022,5,127,15,10.4,90.2,50,991,TS,1,0.7,-0.6,5,2022-05-08T15:00:00Z,24,12.8,87.6,2.4,-2.6,50,0,validation,,,,,,,,,,,,,,,,,,1,false,false,false
2022126N07095_20220507T180000Z,2022126N07095,2022-05-07T18:00:00Z,2022,2022,5,127,18,10.7,90,30,994,TS,1,0.6,-0.5,0,2022-05-08T18:00:00Z,24,13.1,87.4,2.4,-2.6,55,25,validation,,,,,,,,,,,,,,,,,,1,false,false,false
2022126N07095_20220507T210000Z,2022126N07095,2022-05-07T21:00:00Z,2022,2022,5,127,21,10.9,89.6,55,989,TS,1,0.5,-0.6,5,2022-05-08T21:00:00Z,24,13.5,86.9,2.6,-2.7,55,0,validation,,,,,,,,,,,,,,,,,,1,false,false,false
2022126N07095_20220508T000000Z,2022126N07095,2022-05-08T00:00:00Z,2022,2022,5,128,0,11.2,89.3,35,992,TS,1,0.5,-0.7,5,2022-05-09T00:00:00Z,24,13.8,86.5,2.6,-2.8,55,20,validation,,,,,,,,,,,,,,,,,,1,false,false,false
2022126N07095_20220508T030000Z,2022126N07095,2022-05-08T03:00:00Z,2022,2022,5,128,3,11.5,88.9,40,990,TS,1,0.6,-0.7,-15,2022-05-09T03:00:00Z,24,14,86.2,2.5,-2.7,55,15,validation,,,,,,,,,,,,,,,,,,1,false,false,false
2022126N07095_20220508T060000Z,2022126N07095,2022-05-08T06:00:00Z,2022,2022,5,128,6,11.9,88.6,45,988,TS,1,0.7,-0.7,10,2022-05-09T06:00:00Z,24,14.3,85.9,2.4,-2.7,55,10,validation,,,,,,,,,,,,,,,,,,1,false,false,false
2022126N07095_20220508T090000Z,2022126N07095,2022-05-08T09:00:00Z,2022,2022,5,128,9,12.1,88.2,45,988,TS,1,0.6,-0.7,5,2022-05-09T09:00:00Z,24,14.4,85.6,2.3,-2.6,55,10,validation,,,,,,,,,,,,,,,,,,1,false,false,false
2022126N07095_20220508T120000Z,2022126N07095,2022-05-08T12:00:00Z,2022,2022,5,128,12,12.5,88,50,986,TS,1,0.6,-0.6,5,2022-05-09T12:00:00Z,24,14.6,85.3,2.1,-2.7,55,5,validation,,,,,,,,,,,,,,,,,,1,false,false,false
2022126N07095_20220508T150000Z,2022126N07095,2022-05-08T15:00:00Z,2022,2022,5,128,15,12.8,87.6,50,986,TS,1,0.7,-0.6,5,2022-05-09T15:00:00Z,24,14.7,85,1.9,-2.6,55,5,validation,,,,,,,,,,,,,,,,,,1,false,false,false
2022126N07095_20220508T180000Z,2022126N07095,2022-05-08T18:00:00Z,2022,2022,5,128,18,13.1,87.4,55,984,TS,1,0.6,-0.6,5,2022-05-09T18:00:00Z,24,14.8,84.7,1.7,-2.7,55,0,validation,,,,,,,,,,,,,,,,,,1,false,false,false
2022126N07095_20220508T210000Z,2022126N07095,2022-05-08T21:00:00Z,2022,2022,5,128,21,13.5,86.9,55,984,TS,1,0.7,-0.7,5,2022-05-09T21:00:00Z,24,14.9,84.4,1.4,-2.5,55,0,validation,,,,,,,,,,,,,,,,,,1,false,false,false
2022126N07095_20220509T000000Z,2022126N07095,2022-05-09T00:00:00Z,2022,2022,5,129,0,13.8,86.5,55,983,TS,1,0.7,-0.9,0,2022-05-10T00:00:00Z,24,15,84.1,1.2,-2.4,55,0,validation,,,,,,,,,,,,,,,,,,1,false,false,false
2022126N07095_20220509T030000Z,2022126N07095,2022-05-09T03:00:00Z,2022,2022,5,129,3,14,86.2,55,982,TS,1,0.5,-0.7,0,2022-05-10T03:00:00Z,24,15.1,83.6,1.1,-2.6,55,0,validation,,,,,,,,,,,,,,,,,,1,false,false,false
2022126N07095_20220509T060000Z,2022126N07095,2022-05-09T06:00:00Z,2022,2022,5,129,6,14.3,85.9,55,982,TS,1,0.5,-0.6,0,2022-05-10T06:00:00Z,24,15.2,83.3,0.9,-2.6,55,0,validation,,,,,,,,,,,,,,,,,,1,false,false,false
2022126N07095_20220509T090000Z,2022126N07095,2022-05-09T09:00:00Z,2022,2022,5,129,9,14.4,85.6,55,982,TS,1,0.4,-0.6,0,2022-05-10T09:00:00Z,24,15.2,82.9,0.8,-2.7,55,0,validation,,,,,,,,,,,,,,,,,,1,false,false,false
2022126N07095_20220509T120000Z,2022126N07095,2022-05-09T12:00:00Z,2022,2022,5,129,12,14.6,85.3,55,982,TS,1,0.3,-0.6,0,2022-05-10T12:00:00Z,24,15.4,82.6,0.8,-2.7,50,-5,validation,,,,,,,,,,,,,,,,,,1,false,false,false
2022126N07095_20220509T150000Z,2022126N07095,2022-05-09T15:00:00Z,2022,2022,5,129,15,14.7,85,55,982,TS,1,0.3,-0.6,0,2022-05-10T15:00:00Z,24,15.4,82.2,0.7,-2.8,50,-5,validation,,,,,,,,,,,,,,,,,,1,false,false,false
2022126N07095_20220509T180000Z,2022126N07095,2022-05-09T18:00:00Z,2022,2022,5,129,18,14.8,84.7,55,982,TS,1,0.2,-0.6,0,2022-05-10T18:00:00Z,24,15.6,82,0.8,-2.7,50,-5,validation,,,,,,,,,,,,,,,,,,1,false,false,false
2022126N07095_20220509T210000Z,2022126N07095,2022-05-09T21:00:00Z,2022,2022,5,129,21,14.9,84.4,55,982,TS,1,0.2,-0.6,0,2022-05-10T21:00:00Z,24,15.7,81.8,0.8,-2.6,45,-10,validation,,,,,,,,,,,,,,,,,,1,false,false,false
2022126N07095_20220510T000000Z,2022126N07095,2022-05-10T00:00:00Z,2022,2022,5,130,0,15,84.1,55,982,TS,1,0.2,-0.6,0,2022-05-11T00:00:00Z,24,15.8,81.7,0.8,-2.4,45,-10,validation,,,,,,,,,,,,,,,,,,1,false,false,false
2022126N07095_20220510T030000Z,2022126N07095,2022-05-10T03:00:00Z,2022,2022,5,130,3,15.1,83.6,55,984,TS,1,0.2,-0.8,0,2022-05-11T03:00:00Z,24,15.9,81.6,0.8,-2,45,-10,validation,,,,,,,,,,,,,,,,,,1,false,false,false
2022126N07095_20220510T060000Z,2022126N07095,2022-05-10T06:00:00Z,2022,2022,5,130,6,15.2,83.3,55,984,TS,1,0.2,-0.8,0,2022-05-11T06:00:00Z,24,16,81.5,0.8,-1.8,40,-15,validation,,,,,,,,,,,,,,,,,,1,false,false,false
2022126N07095_20220510T090000Z,2022126N07095,2022-05-10T09:00:00Z,2022,2022,5,130,9,15.2,82.9,55,984,TS,1,0.1,-0.7,0,2022-05-11T09:00:00Z,24,16,81.4,0.8,-1.5,40,-15,validation,,,,,,,,,,,,,,,,,,1,false,false,false
2022126N07095_20220510T120000Z,2022126N07095,2022-05-10T12:00:00Z,2022,2022,5,130,12,15.4,82.6,50,984,TS,1,0.2,-0.7,-5,2022-05-11T12:00:00Z,24,16.1,81.3,0.7,-1.3,30,-20,validation,,,,,,,,,,,,,,,,,,1,false,false,false
2022126N07095_20220510T150000Z,2022126N07095,2022-05-10T15:00:00Z,2022,2022,5,130,15,15.4,82.2,50,985,TS,1,0.2,-0.7,-5,2022-05-11T15:00:00Z,24,16,81.1,0.6,-1.1,30,-20,validation,,,,,,,,,,,,,,,,,,1,false,false,false
2022126N07095_20220510T180000Z,2022126N07095,2022-05-10T18:00:00Z,2022,2022,5,130,18,15.6,82,50,986,TS,1,0.2,-0.6,0,2022-05-11T18:00:00Z,24,15.9,80.9,0.3,-1.1,30,-20,validation,,,,,,,,,,,,,,,,,,1,false,false,false
2022126N07095_20220510T210000Z,2022126N07095,2022-05-10T21:00:00Z,2022,2022,5,130,21,15.7,81.8,45,986,TS,1,0.3,-0.4,-5,2022-05-11T21:00:00Z,24,15.8,80.6,0.1,-1.2,25,-20,validation,,,,,,,,,,,,,,,,,,1,false,false,false
2022126N07095_20220511T000000Z,2022126N07095,2022-05-11T00:00:00Z,2022,2022,5,131,0,15.8,81.7,45,988,TS,1,0.2,-0.3,-5,2022-05-12T00:00:00Z,24,15.6,80.4,-0.2,-1.3,25,-20,validation,,,,,,,,,,,,,,,,,,1,false,false,false
2022126N07095_20220511T030000Z,2022126N07095,2022-05-11T03:00:00Z,2022,2022,5,131,3,15.9,81.6,45,988,TS,1,0.2,-0.2,0,2022-05-12T03:00:00Z,24,15.2,80.2,-0.7,-1.4,23,-22,validation,,,,,,,,,,,,,,,,,,1,false,false,false
2022126N07095_20220511T060000Z,2022126N07095,2022-05-11T06:00:00Z,2022,2022,5,131,6,16,81.5,40,990,TS,1,0.2,-0.2,-5,2022-05-12T06:00:00Z,24,15.1,80.1,-0.9,-1.4,20,-20,validation,,,,,,,,,,,,,,,,,,1,false,false,false
2022126N07095_20220511T090000Z,2022126N07095,2022-05-11T09:00:00Z,2022,2022,5,131,9,16,81.4,40,990,TS,1,0.1,-0.2,-5,2022-05-12T09:00:00Z,24,15,80.1,-1,-1.3,20,-20,validation,,,,,,,,,,,,,,,,,,1,false,false,false
2022126N07095_20220511T120000Z,2022126N07095,2022-05-11T12:00:00Z,2022,2022,5,131,12,16.1,81.3,30,992,TS,1,0.1,-0.2,-10,2022-05-12T12:00:00Z,24,15,80.2,-1.1,-1.1,20,-10,validation,,,,,,,,,,,,,,,,,,1,false,false,false
2022126N07095_20220511T150000Z,2022126N07095,2022-05-11T15:00:00Z,2022,2022,5,131,15,16,81.1,30,993,TS,1,0,-0.3,-10,2022-05-12T15:00:00Z,24,14.8,80.2,-1.2,-0.9,20,-10,validation,,,,,,,,,,,,,,,,,,1,false,false,false
2022126N07095_20220511T180000Z,2022126N07095,2022-05-11T18:00:00Z,2022,2022,5,131,18,15.9,80.9,30,994,TS,1,-0.2,-0.4,0,2022-05-12T18:00:00Z,24,14.7,80.3,-1.2,-0.6,20,-10,validation,,,,,,,,,,,,,,,,,,1,false,false,false
2022126N07095_20220511T210000Z,2022126N07095,2022-05-11T21:00:00Z,2022,2022,5,131,21,15.8,80.6,25,999,TS,1,-0.2,-0.5,-5,2022-05-12T21:00:00Z,24,14.7,80.6,-1.1,0,20,-5,validation,,,,,,,,,,,,,,,,,,1,false,false,false
2022126N07095_20220512T000000Z,2022126N07095,2022-05-12T00:00:00Z,2022,2022,5,132,0,15.6,80.4,25,996,TS,1,-0.3,-0.5,-5,2022-05-13T00:00:00Z,24,14.7,81,-0.9,0.6,20,-5,validation,,,,,,,,,,,,,,,,,,1,false,false,false
2022126N07095_20220512T030000Z,2022126N07095,2022-05-12T03:00:00Z,2022,2022,5,132,3,15.2,80.2,23,1001,TS,1,-0.6,-0.4,-2,2022-05-13T03:00:00Z,24,14.7,81.3,-0.5,1.1,20,-3,validation,,,,,,,,,,,,,,,,,,1,false,false,false
2022126N07095_20220512T060000Z,2022126N07095,2022-05-12T06:00:00Z,2022,2022,5,132,6,15.1,80.1,20,1002,DS,1,-0.5,-0.3,-5,2022-05-13T06:00:00Z,24,14.8,81.5,-0.3,1.4,20,0,validation,,,,,,,,,,,,,,,,,,1,false,false,false
2022295N13093_20221021T180000Z,2022295N13093,2022-10-21T18:00:00Z,2022,2022,10,294,18,12.6,93.3,15,1010,DS,0,,,,2022-10-22T18:00:00Z,24,15,89.5,2.4,-3.8,25,10,validation,,,,,,,,,,,,,,,,,,1,false,false,false
2022295N13093_20221021T210000Z,2022295N13093,2022-10-21T21:00:00Z,2022,2022,10,294,21,12.9,92.9,20,1008,DS,0,,,,2022-10-22T21:00:00Z,24,15.2,89.1,2.3,-3.8,30,10,validation,,,,,,,,,,,,,,,,,,1,false,false,false
2022295N13093_20221022T000000Z,2022295N13093,2022-10-22T00:00:00Z,2022,2022,10,295,0,13.2,92.5,25,1006,TS,1,0.6,-0.8,10,2022-10-23T00:00:00Z,24,15.4,88.7,2.2,-3.8,30,5,validation,,,,,,,,,,,,,,,,,,1,false,false,false
2022295N13093_20221022T030000Z,2022295N13093,2022-10-22T03:00:00Z,2022,2022,10,295,3,13.4,92.1,25,1004,TS,1,0.5,-0.8,5,2022-10-23T03:00:00Z,24,15.5,88.3,2.1,-3.8,30,5,validation,,,,,,,,,,,,,,,,,,1,false,false,false
2022295N13093_20221022T060000Z,2022295N13093,2022-10-22T06:00:00Z,2022,2022,10,295,6,13.9,91.4,25,1003,TS,1,0.7,-1.1,0,2022-10-23T06:00:00Z,24,15.6,88.1,1.7,-3.3,30,5,validation,,,,,,,,,,,,,,,,,,1,false,false,false
2022295N13093_20221022T090000Z,2022295N13093,2022-10-22T09:00:00Z,2022,2022,10,295,9,14.2,90.9,28,1006,TS,1,0.8,-1.2,3,2022-10-23T09:00:00Z,24,15.8,88.1,1.6,-2.8,33,5,validation,,,,,,,,,,,,,,,,,,1,false,false,false
2022295N13093_20221022T120000Z,2022295N13093,2022-10-22T12:00:00Z,2022,2022,10,295,12,14.4,90.5,25,1002,TS,1,0.5,-0.9,0,2022-10-23T12:00:00Z,24,16.2,88.1,1.8,-2.4,35,10,validation,,,,,,,,,,,,,,,,,,1,false,false,false
2022295N13093_20221022T150000Z,2022295N13093,2022-10-22T15:00:00Z,2022,2022,10,295,15,14.7,90,30,1004,TS,1,0.5,-0.9,2,2022-10-23T15:00:00Z,24,16.6,88.4,1.9,-1.6,35,5,validation,,,,,,,,,,,,,,,,,,1,false,false,false
2022295N13093_20221022T180000Z,2022295N13093,2022-10-22T18:00:00Z,2022,2022,10,295,18,15,89.5,25,1002,TS,1,0.6,-1,0,2022-10-23T18:00:00Z,24,17.1,88.6,2.1,-0.9,35,10,validation,,,,,,,,,,,,,,,,,,1,false,false,false
2022295N13093_20221022T210000Z,2022295N13093,2022-10-22T21:00:00Z,2022,2022,10,295,21,15.2,89.1,30,1001,TS,1,0.5,-0.9,0,2022-10-23T21:00:00Z,24,17.5,88.8,2.3,-0.3,40,10,validation,,,,,,,,,,,,,,,,,,1,false,false,false
2022295N13093_20221023T000000Z,2022295N13093,2022-10-23T00:00:00Z,2022,2022,10,296,0,15.4,88.7,30,1001,TS,1,0.4,-0.8,5,2022-10-24T00:00:00Z,24,18,89,2.6,0.3,40,10,validation,,,,,,,,,,,,,,,,,,1,false,false,false
2022295N13093_20221023T030000Z,2022295N13093,2022-10-23T03:00:00Z,2022,2022,10,296,3,15.5,88.3,30,1000,TS,1,0.3,-0.8,0,2022-10-24T03:00:00Z,24,18.7,89.3,3.2,1,45,15,validation,,,,,,,,,,,,,,,,,,1,false,false,false
2022295N13093_20221023T060000Z,2022295N13093,2022-10-23T06:00:00Z,2022,2022,10,296,6,15.6,88.1,30,1000,TS,1,0.2,-0.6,0,2022-10-24T06:00:00Z,24,19.4,89.6,3.8,1.5,45,15,validation,,,,,,,,,,,,,,,,,,1,false,false,false
2022295N13093_20221023T090000Z,2022295N13093,2022-10-23T09:00:00Z,2022,2022,10,296,9,15.8,88.1,33,1000,TS,1,0.3,-0.2,3,2022-10-24T09:00:00Z,24,20,89.9,4.2,1.8,45,12,validation,,,,,,,,,,,,,,,,,,1,false,false,false
2022295N13093_20221023T120000Z,2022295N13093,2022-10-23T12:00:00Z,2022,2022,10,296,12,16.2,88.1,35,999,TS,1,0.6,0,5,2022-10-24T12:00:00Z,24,20.8,90.1,4.6,2,45,10,validation,,,,,,,,,,,,,,,,,,1,false,false,false
2022295N13093_20221023T150000Z,2022295N13093,2022-10-23T15:00:00Z,2022,2022,10,296,15,16.6,88.4,35,999,TS,1,0.8,0.3,2,2022-10-24T15:00:00Z,24,21.8,90.4,5.2,2,45,10,validation,,,,,,,,,,,,,,,,,,1,false,false,false
2022295N13093_20221023T180000Z,2022295N13093,2022-10-23T18:00:00Z,2022,2022,10,296,18,17.1,88.6,35,998,TS,1,0.9,0.5,0,2022-10-24T18:00:00Z,24,23.8,90.9,6.7,2.3,40,5,validation,,,,,,,,,,,,,,,,,,1,false,false,false
2022295N13093_20221023T210000Z,2022295N13093,2022-10-23T21:00:00Z,2022,2022,10,296,21,17.5,88.8,40,997,TS,1,0.9,0.4,5,2022-10-24T21:00:00Z,24,24.3,91,6.8,2.2,30,-10,validation,,,,,,,,,,,,,,,,,,1,false,false,false
2022295N13093_20221024T000000Z,2022295N13093,2022-10-24T00:00:00Z,2022,2022,10,297,0,18,89,40,996,TS,1,0.9,0.4,5,2022-10-25T00:00:00Z,24,24.5,91.1,6.5,2.1,25,-15,validation,,,,,,,,,,,,,,,,,,1,false,false,false
2023129N08091_20230508T180000Z,2023129N08091,2023-05-08T18:00:00Z,2023,2023,5,128,18,7.7,91.4,25,1004,TS,0,,,,2023-05-09T18:00:00Z,24,8.3,89.1,0.6,-2.3,25,0,test,,,,,,,,,,,,,,,,,,1,false,false,false
2023129N08091_20230508T210000Z,2023129N08091,2023-05-08T21:00:00Z,2023,2023,5,128,21,7.6,91.1,25,1004,TS,0,,,,2023-05-09T21:00:00Z,24,8.3,89.1,0.7,-2,28,3,test,,,,,,,,,,,,,,,,,,1,false,false,false
2023129N08091_20230509T000000Z,2023129N08091,2023-05-09T00:00:00Z,2023,2023,5,129,0,7.6,90.7,25,1004,TS,1,-0.1,-0.7,0,2023-05-10T00:00:00Z,24,8.5,89,0.9,-1.7,30,5,test,,,,,,,,,,,,,,,,,,1,false,false,false
2023129N08091_20230509T030000Z,2023129N08091,2023-05-09T03:00:00Z,2023,2023,5,129,3,7.6,90.1,25,1004,TS,1,0,-1,0,2023-05-10T03:00:00Z,24,8.8,88.7,1.2,-1.4,30,5,test,,,,,,,,,,,,,,,,,,1,false,false,false
2023129N08091_20230509T060000Z,2023129N08091,2023-05-09T06:00:00Z,2023,2023,5,129,6,7.6,89.6,25,1004,TS,1,0,-1.1,0,2023-05-10T06:00:00Z,24,9.3,88.5,1.7,-1.1,30,5,test,,,,,,,,,,,,,,,,,,1,false,false,false
2023129N08091_20230509T090000Z,2023129N08091,2023-05-09T09:00:00Z,2023,2023,5,129,9,7.7,89.3,25,1003,TS,1,0.1,-0.8,0,2023-05-10T09:00:00Z,24,9.7,88.4,2,-0.9,30,5,test,,,,,,,,,,,,,,,,,,1,false,false,false
2023129N08091_20230509T120000Z,2023129N08091,2023-05-09T12:00:00Z,2023,2023,5,129,12,7.9,89.3,25,1002,TS,1,0.3,-0.3,0,2023-05-10T12:00:00Z,24,10.1,88.4,2.2,-0.9,30,5,test,,,,,,,,,,,,,,,,,,1,false,false,false
2023129N08091_20230509T150000Z,2023129N08091,2023-05-09T15:00:00Z,2023,2023,5,129,15,8.1,89.2,25,1002,TS,1,0.4,-0.1,0,2023-05-10T15:00:00Z,24,10.4,88.3,2.3,-0.9,30,5,test,,,,,,,,,,,,,,,,,,1,false,false,false
2023129N08091_20230509T180000Z,2023129N08091,2023-05-09T18:00:00Z,2023,2023,5,129,18,8.3,89.1,25,1002,TS,1,0.4,-0.2,0,2023-05-10T18:00:00Z,24,10.8,88.3,2.5,-0.8,30,5,test,,,,,,,,,,,,,,,,,,1,false,false,false
2023129N08091_20230509T210000Z,2023129N08091,2023-05-09T21:00:00Z,2023,2023,5,129,21,8.3,89.1,28,996,TS,1,0.2,-0.1,3,2023-05-10T21:00:00Z,24,11,88.2,2.7,-0.9,33,5,test,,,,,,,,,,,,,,,,,,1,false,false,false
2023129N08091_20230510T000000Z,2023129N08091,2023-05-10T00:00:00Z,2023,2023,5,130,0,8.5,89,30,1000,TS,1,0.2,-0.1,5,2023-05-11T00:00:00Z,24,11.2,88.1,2.7,-0.9,35,5,test,,,,,,,,,,,,,,,,,,1,false,false,false
2023129N08091_20230510T030000Z,2023129N08091,2023-05-10T03:00:00Z,2023,2023,5,130,3,8.8,88.7,30,1000,TS,1,0.5,-0.4,2,2023-05-11T03:00:00Z,24,11.3,88.1,2.5,-0.6,35,5,test,,,,,,,,,,,,,,,,,,1,false,false,false
2023129N08091_20230510T060000Z,2023129N08091,2023-05-10T06:00:00Z,2023,2023,5,130,6,9.3,88.5,30,999,TS,1,0.8,-0.5,0,2023-05-11T06:00:00Z,24,11.6,88.1,2.3,-0.4,45,15,test,,,,,,,,,,,,,,,,,,1,false,false,false
2023129N08091_20230510T090000Z,2023129N08091,2023-05-10T09:00:00Z,2023,2023,5,130,9,9.7,88.4,30,998,TS,1,0.9,-0.3,0,2023-05-11T09:00:00Z,24,11.8,88,2.1,-0.4,45,15,test,,,,,,,,,,,,,,,,,,1,false,false,false
2023129N08091_20230510T120000Z,2023129N08091,2023-05-10T12:00:00Z,2023,2023,5,130,12,10.1,88.4,30,998,TS,1,0.8,-0.1,0,2023-05-11T12:00:00Z,24,12.1,88.1,2,-0.3,50,20,test,,,,,,,,,,,,,,,,,,1,false,false,false
2023129N08091_20230510T150000Z,2023129N08091,2023-05-10T15:00:00Z,2023,2023,5,130,15,10.4,88.3,30,994,TS,1,0.7,-0.1,0,2023-05-11T15:00:00Z,24,12.4,88.1,2,-0.2,50,20,test,,,,,,,,,,,,,,,,,,1,false,false,false
2023129N08091_20230510T180000Z,2023129N08091,2023-05-10T18:00:00Z,2023,2023,5,130,18,10.8,88.3,30,998,TS,1,0.7,-0.1,0,2023-05-11T18:00:00Z,24,12.8,88.1,2,-0.2,50,20,test,,,,,,,,,,,,,,,,,,1,false,false,false
2023129N08091_20230510T210000Z,2023129N08091,2023-05-10T21:00:00Z,2023,2023,5,130,21,11,88.2,33,993,TS,1,0.6,-0.1,3,2023-05-11T21:00:00Z,24,13,88.1,2,-0.1,60,27,test,,,,,,,,,,,,,,,,,,1,false,false,false
2023129N08091_20230511T000000Z,2023129N08091,2023-05-11T00:00:00Z,2023,2023,5,131,0,11.2,88.1,35,997,TS,1,0.4,-0.2,5,2023-05-12T00:00:00Z,24,13.3,88.1,2.1,0,65,30,test,,,,,,,,,,,,,,,,,,1,false,false,false
2023129N08091_20230511T030000Z,2023129N08091,2023-05-11T03:00:00Z,2023,2023,5,131,3,11.3,88.1,35,996,TS,1,0.3,-0.1,2,2023-05-12T03:00:00Z,24,13.7,88.2,2.4,0.1,65,30,test,,,,,,,,,,,,,,,,,,1,false,false,false
2023129N08091_20230511T060000Z,2023129N08091,2023-05-11T06:00:00Z,2023,2023,5,131,6,11.6,88.1,45,996,TS,1,0.4,0,10,2023-05-12T06:00:00Z,24,14,88.3,2.4,0.2,75,30,test,,,,,,,,,,,,,,,,,,1,false,false,false
2023129N08091_20230511T090000Z,2023129N08091,2023-05-11T09:00:00Z,2023,2023,5,131,9,11.8,88,45,996,TS,1,0.5,-0.1,10,2023-05-12T09:00:00Z,24,14.3,88.4,2.5,0.4,85,40,test,,,,,,,,,,,,,,,,,,1,false,false,false
2023129N08091_20230511T120000Z,2023129N08091,2023-05-11T12:00:00Z,2023,2023,5,131,12,12.1,88.1,50,994,TS,1,0.5,0,5,2023-05-12T12:00:00Z,24,14.6,88.6,2.5,0.5,85,35,test,,,,,,,,,,,,,,,,,,1,false,false,false
2023129N08091_20230511T150000Z,2023129N08091,2023-05-11T15:00:00Z,2023,2023,5,131,15,12.4,88.1,50,992,TS,1,0.6,0.1,5,2023-05-12T15:00:00Z,24,14.8,88.7,2.4,0.6,90,40,test,,,,,,,,,,,,,,,,,,1,false,false,false
2023129N08091_20230511T180000Z,2023129N08091,2023-05-11T18:00:00Z,2023,2023,5,131,18,12.8,88.1,50,992,TS,1,0.7,0,0,2023-05-12T18:00:00Z,24,15,88.9,2.2,0.8,100,50,test,,,,,,,,,,,,,,,,,,1,false,false,false
2023129N08091_20230511T210000Z,2023129N08091,2023-05-11T21:00:00Z,2023,2023,5,131,21,13,88.1,60,986,TS,1,0.6,0,10,2023-05-12T21:00:00Z,24,15.1,89,2.1,0.9,100,40,test,,,,,,,,,,,,,,,,,,1,false,false,false
2023129N08091_20230512T000000Z,2023129N08091,2023-05-12T00:00:00Z,2023,2023,5,132,0,13.3,88.1,65,982,TS,1,0.5,0,15,2023-05-13T00:00:00Z,24,15.4,89.1,2.1,1,100,35,test,,,,,,,,,,,,,,,,,,1,false,false,false
2023129N08091_20230512T030000Z,2023129N08091,2023-05-12T03:00:00Z,2023,2023,5,132,3,13.7,88.2,65,982,TS,1,0.7,0.1,5,2023-05-13T03:00:00Z,24,15.7,89.5,2,1.3,100,35,test,,,,,,,,,,,,,,,,,,1,false,false,false
2023129N08091_20230512T060000Z,2023129N08091,2023-05-12T06:00:00Z,2023,2023,5,132,6,14,88.3,75,974,TS,1,0.7,0.2,10,2023-05-13T06:00:00Z,24,16,90,2,1.7,105,30,test,,,,,,,,,,,,,,,,,,1,false,false,false
2023129N08091_20230512T090000Z,2023129N08091,2023-05-12T09:00:00Z,2023,2023,5,132,9,14.3,88.4,85,970,TS,1,0.6,0.2,20,2023-05-13T09:00:00Z,24,16.4,90.3,2.1,1.9,105,20,test,,,,,,,,,,,,,,,,,,1,false,false,false
2023129N08091_20230512T120000Z,2023129N08091,2023-05-12T12:00:00Z,2023,2023,5,132,12,14.6,88.6,85,970,TS,1,0.6,0.3,10,2023-05-13T12:00:00Z,24,16.9,90.8,2.3,2.2,110,25,test,,,,,,,,,,,,,,,,,,1,false,false,false
2023129N08091_20230512T150000Z,2023129N08091,2023-05-12T15:00:00Z,2023,2023,5,132,15,14.8,88.7,90,964,TS,1,0.5,0.3,5,2023-05-13T15:00:00Z,24,17.4,91,2.6,2.3,110,20,test,,,,,,,,,,,,,,,,,,1,false,false,false
2023129N08091_20230512T180000Z,2023129N08091,2023-05-12T18:00:00Z,2023,2023,5,132,18,15,88.9,100,954,TS,1,0.4,0.3,15,2023-05-13T18:00:00Z,24,17.9,91.2,2.9,2.3,115,15,test,,,,,,,,,,,,,,,,,,1,false,false,false
2023129N08091_20230512T210000Z,2023129N08091,2023-05-12T21:00:00Z,2023,2023,5,132,21,15.1,89,100,954,TS,1,0.3,0.3,10,2023-05-13T21:00:00Z,24,18.3,91.4,3.2,2.4,115,15,test,,,,,,,,,,,,,,,,,,1,false,false,false
2023129N08091_20230513T000000Z,2023129N08091,2023-05-13T00:00:00Z,2023,2023,5,133,0,15.4,89.1,100,954,TS,1,0.4,0.2,0,2023-05-14T00:00:00Z,24,18.7,91.7,3.3,2.6,115,15,test,,,,,,,,,,,,,,,,,,1,false,false,false
2023129N08091_20230513T030000Z,2023129N08091,2023-05-13T03:00:00Z,2023,2023,5,133,3,15.7,89.5,100,954,TS,1,0.6,0.5,0,2023-05-14T03:00:00Z,24,19.3,92.1,3.6,2.6,110,10,test,,,,,,,,,,,,,,,,,,1,false,false,false
2023129N08091_20230513T060000Z,2023129N08091,2023-05-13T06:00:00Z,2023,2023,5,133,6,16,90,105,950,TS,1,0.6,0.9,5,2023-05-14T06:00:00Z,24,19.9,92.6,3.9,2.6,100,-5,test,,,,,,,,,,,,,,,,,,1,false,false,false
2023129N08091_20230513T090000Z,2023129N08091,2023-05-13T09:00:00Z,2023,2023,5,133,9,16.4,90.3,105,950,TS,1,0.7,0.8,5,2023-05-14T09:00:00Z,24,20.4,92.9,4,2.6,90,-15,test,,,,,,,,,,,,,,,,,,1,false,false,false
2023129N08091_20230513T120000Z,2023129N08091,2023-05-13T12:00:00Z,2023,2023,5,133,12,16.9,90.8,110,944,TS,1,0.9,0.8,5,2023-05-14T12:00:00Z,24,21.1,93.3,4.2,2.5,75,-35,test,,,,,,,,,,,,,,,,,,1,false,false,false
2023129N08091_20230513T150000Z,2023129N08091,2023-05-13T15:00:00Z,2023,2023,5,133,15,17.4,91,110,944,TS,1,1,0.7,5,2023-05-14T15:00:00Z,24,22.1,94.1,4.7,3.1,60,-50,test,,,,,,,,,,,,,,,,,,1,false,false,false
2023129N08091_20230513T180000Z,2023129N08091,2023-05-13T18:00:00Z,2023,2023,5,133,18,17.9,91.2,115,938,TS,1,1,0.4,5,2023-05-14T18:00:00Z,24,23.3,95.2,5.4,4,50,-65,test,,,,,,,,,,,,,,,,,,1,false,false,false
2023129N08091_20230513T210000Z,2023129N08091,2023-05-13T21:00:00Z,2023,2023,5,133,21,18.3,91.4,115,938,TS,1,0.9,0.4,5,2023-05-14T21:00:00Z,24,24.3,96.1,6,4.7,35,-80,test,,,,,,,,,,,,,,,,,,1,false,false,false
2023156N10067_20230605T000000Z,2023156N10067,2023-06-05T00:00:00Z,2023,2023,6,156,0,10.3,66.7,25,1004,TS,0,,,,2023-06-06T00:00:00Z,24,11.5,66,1.2,-0.7,25,0,test,,,,,,,,,,,,,,,,,,1,false,false,false
2023156N10067_20230605T030000Z,2023156N10067,2023-06-05T03:00:00Z,2023,2023,6,156,3,10.5,66.6,25,1004,TS,0,,,,2023-06-06T03:00:00Z,24,11.7,66,1.2,-0.6,25,0,test,,,,,,,,,,,,,,,,,,1,false,false,false
2023156N10067_20230605T060000Z,2023156N10067,2023-06-05T06:00:00Z,2023,2023,6,156,6,10.7,66.5,25,1004,TS,1,0.4,-0.2,0,2023-06-06T06:00:00Z,24,11.9,65.9,1.2,-0.6,30,5,test,,,,,,,,,,,,,,,,,,1,false,false,false
2023156N10067_20230605T090000Z,2023156N10067,2023-06-05T09:00:00Z,2023,2023,6,156,9,10.8,66.4,25,1000,TS,1,0.3,-0.2,0,2023-06-06T09:00:00Z,24,12,66,1.2,-0.4,65,40,test,,,,,,,,,,,,,,,,,,1,false,false,false
2023156N10067_20230605T120000Z,2023156N10067,2023-06-05T12:00:00Z,2023,2023,6,156,12,11,66.3,25,995,TS,1,0.3,-0.2,0,2023-06-06T12:00:00Z,24,12.2,66,1.2,-0.3,35,10,test,,,,,,,,,,,,,,,,,,1,false,false,false
2023156N10067_20230605T150000Z,2023156N10067,2023-06-05T15:00:00Z,2023,2023,6,156,15,11.2,66.2,28,995,TS,1,0.4,-0.2,3,2023-06-06T15:00:00Z,24,12.3,66,1.1,-0.2,35,7,test,,,,,,,,,,,,,,,,,,1,false,false,false
2023156N10067_20230605T180000Z,2023156N10067,2023-06-05T18:00:00Z,2023,2023,6,156,18,11.4,66.1,30,994,TS,1,0.4,-0.2,5,2023-06-06T18:00:00Z,24,12.5,66.1,1.1,0,40,10,test,,,,,,,,,,,,,,,,,,1,false,false,false
2023156N10067_20230605T210000Z,2023156N10067,2023-06-05T21:00:00Z,2023,2023,6,156,21,11.5,66,35,994,TS,1,0.3,-0.2,7,2023-06-06T21:00:00Z,24,12.5,66.2,1,0.2,45,10,test,,,,,,,,,,,,,,,,,,1,false,false,false
2023156N10067_20230606T000000Z,2023156N10067,2023-06-06T00:00:00Z,2023,2023,6,157,0,11.5,66,25,1000,TS,1,0.1,-0.1,-5,2023-06-07T00:00:00Z,24,12.6,66.3,1.1,0.3,55,30,test,,,,,,,,,,,,,,,,,,1,false,false,false
2023156N10067_20230606T030000Z,2023156N10067,2023-06-06T03:00:00Z,2023,2023,6,157,3,11.7,66,25,1000,TS,1,0.2,0,-10,2023-06-07T03:00:00Z,24,12.8,66.3,1.1,0.3,60,35,test,,,,,,,,,,,,,,,,,,1,false,false,false
2023156N10067_20230606T060000Z,2023156N10067,2023-06-06T06:00:00Z,2023,2023,6,157,6,11.9,65.9,30,999,TS,1,0.4,-0.1,5,2023-06-07T06:00:00Z,24,13,66.4,1.1,0.5,65,35,test,,,,,,,,,,,,,,,,,,1,false,false,false
2023156N10067_20230606T090000Z,2023156N10067,2023-06-06T09:00:00Z,2023,2023,6,157,9,12,66,65,987,TS,1,0.3,0,40,2023-06-07T09:00:00Z,24,13.2,66.3,1.2,0.3,65,0,test,,,,,,,,,,,,,,,,,,1,false,false,false
2023156N10067_20230606T120000Z,2023156N10067,2023-06-06T12:00:00Z,2023,2023,6,157,12,12.2,66,35,998,TS,1,0.3,0.1,5,2023-06-07T12:00:00Z,24,13.3,66.2,1.1,0.2,65,30,test,,,,,,,,,,,,,,,,,,1,false,false,false
2023156N10067_20230606T150000Z,2023156N10067,2023-06-06T15:00:00Z,2023,2023,6,157,15,12.3,66,35,998,TS,1,0.3,0,-30,2023-06-07T15:00:00Z,24,13.4,66.2,1.1,0.2,65,30,test,,,,,,,,,,,,,,,,,,1,false,false,false
2023156N10067_20230606T180000Z,2023156N10067,2023-06-06T18:00:00Z,2023,2023,6,157,18,12.5,66.1,40,996,TS,1,0.3,0.1,5,2023-06-07T18:00:00Z,24,13.6,66.1,1.1,0,70,30,test,,,,,,,,,,,,,,,,,,1,false,false,false
2023156N10067_20230606T210000Z,2023156N10067,2023-06-06T21:00:00Z,2023,2023,6,157,21,12.5,66.2,45,996,TS,1,0.2,0.2,10,2023-06-07T21:00:00Z,24,13.6,66,1.1,-0.2,70,25,test,,,,,,,,,,,,,,,,,,1,false,false,false
2023156N10067_20230607T000000Z,2023156N10067,2023-06-07T00:00:00Z,2023,2023,6,158,0,12.6,66.3,55,990,TS,1,0.1,0.2,15,2023-06-08T00:00:00Z,24,13.8,66.1,1.2,-0.2,75,20,test,,,,,,,,,,,,,,,,,,1,false,false,false
2023156N10067_20230607T030000Z,2023156N10067,2023-06-07T03:00:00Z,2023,2023,6,158,3,12.8,66.3,60,988,TS,1,0.3,0.1,15,2023-06-08T03:00:00Z,24,13.9,66,1.1,-0.3,75,15,test,,,,,,,,,,,,,,,,,,1,false,false,false
2023156N10067_20230607T060000Z,2023156N10067,2023-06-07T06:00:00Z,2023,2023,6,158,6,13,66.4,65,983,TS,1,0.4,0.1,10,2023-06-08T06:00:00Z,24,14,66,1,-0.4,75,10,test,,,,,,,,,,,,,,,,,,1,false,false,false
2023156N10067_20230607T090000Z,2023156N10067,2023-06-07T09:00:00Z,2023,2023,6,158,9,13.2,66.3,65,983,TS,1,0.4,0,5,2023-06-08T09:00:00Z,24,14.2,66,1,-0.3,75,10,test,,,,,,,,,,,,,,,,,,1,false,false,false
2023156N10067_20230607T120000Z,2023156N10067,2023-06-07T12:00:00Z,2023,2023,6,158,12,13.3,66.2,65,983,TS,1,0.3,-0.2,0,2023-06-08T12:00:00Z,24,14.3,66,1,-0.2,75,10,test,,,,,,,,,,,,,,,,,,1,false,false,false
2023156N10067_20230607T150000Z,2023156N10067,2023-06-07T15:00:00Z,2023,2023,6,158,15,13.4,66.2,65,983,TS,1,0.2,-0.1,0,2023-06-08T15:00:00Z,24,14.4,66,1,-0.2,75,10,test,,,,,,,,,,,,,,,,,,1,false,false,false
2023156N10067_20230607T180000Z,2023156N10067,2023-06-07T18:00:00Z,2023,2023,6,158,18,13.6,66.1,70,980,TS,1,0.3,-0.1,5,2023-06-08T18:00:00Z,24,14.6,66.1,1,0,75,5,test,,,,,,,,,,,,,,,,,,1,false,false,false
2023156N10067_20230607T210000Z,2023156N10067,2023-06-07T21:00:00Z,2023,2023,6,158,21,13.6,66,70,980,TS,1,0.2,-0.2,5,2023-06-08T21:00:00Z,24,14.6,66.1,1,0.1,75,5,test,,,,,,,,,,,,,,,,,,1,false,false,false
2023156N10067_20230608T000000Z,2023156N10067,2023-06-08T00:00:00Z,2023,2023,6,159,0,13.8,66.1,75,978,TS,1,0.2,0,5,2023-06-09T00:00:00Z,24,14.8,66.3,1,0.2,75,0,test,,,,,,,,,,,,,,,,,,1,false,false,false
2023156N10067_20230608T030000Z,2023156N10067,2023-06-08T03:00:00Z,2023,2023,6,159,3,13.9,66,75,978,TS,1,0.3,0,5,2023-06-09T03:00:00Z,24,14.8,66.5,0.9,0.5,70,-5,test,,,,,,,,,,,,,,,,,,1,false,false,false
2023156N10067_20230608T060000Z,2023156N10067,2023-06-08T06:00:00Z,2023,2023,6,159,6,14,66,75,978,TS,1,0.2,-0.1,0,2023-06-09T06:00:00Z,24,15,66.8,1,0.8,70,-5,test,,,,,,,,,,,,,,,,,,1,false,false,false
2023156N10067_20230608T090000Z,2023156N10067,2023-06-08T09:00:00Z,2023,2023,6,159,9,14.2,66,75,978,TS,1,0.3,0,0,2023-06-09T09:00:00Z,24,15.3,67,1.1,1,70,-5,test,,,,,,,,,,,,,,,,,,1,false,false,false
2023156N10067_20230608T120000Z,2023156N10067,2023-06-08T12:00:00Z,2023,2023,6,159,12,14.3,66,75,978,TS,1,0.3,0,0,2023-06-09T12:00:00Z,24,15.6,67.2,1.3,1.2,65,-10,test,,,,,,,,,,,,,,,,,,1,false,false,false
2023156N10067_20230608T150000Z,2023156N10067,2023-06-08T15:00:00Z,2023,2023,6,159,15,14.4,66,75,978,TS,1,0.2,0,0,2023-06-09T15:00:00Z,24,15.9,67.3,1.5,1.3,65,-10,test,,,,,,,,,,,,,,,,,,1,false,false,false
2023156N10067_20230608T180000Z,2023156N10067,2023-06-08T18:00:00Z,2023,2023,6,159,18,14.6,66.1,75,978,TS,1,0.3,0.1,0,2023-06-09T18:00:00Z,24,16.2,67.4,1.6,1.3,70,-5,test,,,,,,,,,,,,,,,,,,1,false,false,false
2023156N10067_20230608T210000Z,2023156N10067,2023-06-08T21:00:00Z,2023,2023,6,159,21,14.6,66.1,75,978,TS,1,0.2,0.1,0,2023-06-09T21:00:00Z,24,16.3,67.4,1.7,1.3,70,-5,test,,,,,,,,,,,,,,,,,,1,false,false,false
2023156N10067_20230609T000000Z,2023156N10067,2023-06-09T00:00:00Z,2023,2023,6,160,0,14.8,66.3,75,978,TS,1,0.2,0.2,0,2023-06-10T00:00:00Z,24,16.5,67.4,1.7,1.1,75,0,test,,,,,,,,,,,,,,,,,,1,false,false,false
2023156N10067_20230609T030000Z,2023156N10067,2023-06-09T03:00:00Z,2023,2023,6,160,3,14.8,66.5,70,980,TS,1,0.2,0.4,-5,2023-06-10T03:00:00Z,24,16.6,67.3,1.8,0.8,75,5,test,,,,,,,,,,,,,,,,,,1,false,false,false
2023156N10067_20230609T060000Z,2023156N10067,2023-06-09T06:00:00Z,2023,2023,6,160,6,15,66.8,70,980,TS,1,0.2,0.5,-5,2023-06-10T06:00:00Z,24,16.7,67.3,1.7,0.5,75,5,test,,,,,,,,,,,,,,,,,,1,false,false,false
2023156N10067_20230609T090000Z,2023156N10067,2023-06-09T09:00:00Z,2023,2023,6,160,9,15.3,67,70,980,TS,1,0.5,0.5,0,2023-06-10T09:00:00Z,24,16.9,67.4,1.6,0.4,80,10,test,,,,,,,,,,,,,,,,,,1,false,false,false
2023156N10067_20230609T120000Z,2023156N10067,2023-06-09T12:00:00Z,2023,2023,6,160,12,15.6,67.2,65,982,TS,1,0.6,0.4,-5,2023-06-10T12:00:00Z,24,17.2,67.3,1.6,0.1,80,15,test,,,,,,,,,,,,,,,,,,1,false,false,false
2023156N10067_20230609T150000Z,2023156N10067,2023-06-09T15:00:00Z,2023,2023,6,160,15,15.9,67.3,65,982,TS,1,0.6,0.3,-5,2023-06-10T15:00:00Z,24,17.4,67.3,1.5,0,80,15,test,,,,,,,,,,,,,,,,,,1,false,false,false
2023156N10067_20230609T180000Z,2023156N10067,2023-06-09T18:00:00Z,2023,2023,6,160,18,16.2,67.4,70,978,TS,1,0.6,0.2,5,2023-06-10T18:00:00Z,24,17.5,67.4,1.3,0,85,15,test,,,,,,,,,,,,,,,,,,1,false,false,false
2023156N10067_20230609T210000Z,2023156N10067,2023-06-09T21:00:00Z,2023,2023,6,160,21,16.3,67.4,70,976,TS,1,0.4,0.1,5,2023-06-10T21:00:00Z,24,17.6,67.4,1.3,0,85,15,test,,,,,,,,,,,,,,,,,,1,false,false,false
2023156N10067_20230610T000000Z,2023156N10067,2023-06-10T00:00:00Z,2023,2023,6,161,0,16.5,67.4,75,974,TS,1,0.3,0,5,2023-06-11T00:00:00Z,24,17.8,67.6,1.3,0.2,90,15,test,,,,,,,,,,,,,,,,,,1,false,false,false
2023156N10067_20230610T030000Z,2023156N10067,2023-06-10T03:00:00Z,2023,2023,6,161,3,16.6,67.3,75,972,TS,1,0.3,-0.1,5,2023-06-11T03:00:00Z,24,18,67.7,1.4,0.4,90,15,test,,,,,,,,,,,,,,,,,,1,false,false,false
2023156N10067_20230610T060000Z,2023156N10067,2023-06-10T06:00:00Z,2023,2023,6,161,6,16.7,67.3,75,970,TS,1,0.2,-0.1,0,2023-06-11T06:00:00Z,24,18.3,67.8,1.6,0.5,90,15,test,,,,,,,,,,,,,,,,,,1,false,false,false
2023156N10067_20230610T090000Z,2023156N10067,2023-06-10T09:00:00Z,2023,2023,6,161,9,16.9,67.4,80,966,TS,1,0.3,0.1,5,2023-06-11T09:00:00Z,24,18.5,67.8,1.6,0.4,90,10,test,,,,,,,,,,,,,,,,,,1,false,false,false
2023156N10067_20230610T120000Z,2023156N10067,2023-06-10T12:00:00Z,2023,2023,6,161,12,17.2,67.3,80,964,TS,1,0.5,0,5,2023-06-11T12:00:00Z,24,18.7,67.8,1.5,0.5,90,10,test,,,,,,,,,,,,,,,,,,1,false,false,false
2023156N10067_20230610T150000Z,2023156N10067,2023-06-10T15:00:00Z,2023,2023,6,161,15,17.4,67.3,80,964,TS,1,0.5,-0.1,0,2023-06-11T15:00:00Z,24,18.8,67.8,1.4,0.5,90,10,test,,,,,,,,,,,,,,,,,,1,false,false,false
2023156N10067_20230610T180000Z,2023156N10067,2023-06-10T18:00:00Z,2023,2023,6,161,18,17.5,67.4,85,962,TS,1,0.3,0.1,5,2023-06-11T18:00:00Z,24,18.9,67.8,1.4,0.4,90,5,test,,,,,,,,,,,,,,,,,,1,false,false,false
2023156N10067_20230610T210000Z,2023156N10067,2023-06-10T21:00:00Z,2023,2023,6,161,21,17.6,67.4,85,962,TS,1,0.2,0.1,5,2023-06-11T21:00:00Z,24,19,67.7,1.4,0.3,90,5,test,,,,,,,,,,,,,,,,,,1,false,false,false
2023156N10067_20230611T000000Z,2023156N10067,2023-06-11T00:00:00Z,2023,2023,6,162,0,17.8,67.6,90,960,TS,1,0.3,0.2,5,2023-06-12T00:00:00Z,24,19.2,67.7,1.4,0.1,90,0,test,,,,,,,,,,,,,,,,,,1,false,false,false
2023156N10067_20230611T030000Z,2023156N10067,2023-06-11T03:00:00Z,2023,2023,6,162,3,18,67.7,90,958,TS,1,0.4,0.3,5,2023-06-12T03:00:00Z,24,19.4,67.6,1.4,-0.1,90,0,test,,,,,,,,,,,,,,,,,,1,false,false,false
2023156N10067_20230611T060000Z,2023156N10067,2023-06-11T06:00:00Z,2023,2023,6,162,6,18.3,67.8,90,958,TS,1,0.5,0.2,0,2023-06-12T06:00:00Z,24,19.7,67.5,1.4,-0.3,90,0,test,,,,,,,,,,,,,,,,,,1,false,false,false
2023156N10067_20230611T090000Z,2023156N10067,2023-06-11T09:00:00Z,2023,2023,6,162,9,18.5,67.8,90,958,TS,1,0.5,0.1,0,2023-06-12T09:00:00Z,24,19.8,67.4,1.3,-0.4,90,0,test,,,,,,,,,,,,,,,,,,1,false,false,false
2023156N10067_20230611T120000Z,2023156N10067,2023-06-11T12:00:00Z,2023,2023,6,162,12,18.7,67.8,90,958,TS,1,0.4,0,0,2023-06-12T12:00:00Z,24,19.9,67.3,1.2,-0.5,90,0,test,,,,,,,,,,,,,,,,,,1,false,false,false
2023156N10067_20230611T150000Z,2023156N10067,2023-06-11T15:00:00Z,2023,2023,6,162,15,18.8,67.8,90,958,TS,1,0.3,0,0,2023-06-12T15:00:00Z,24,20,67.2,1.2,-0.6,90,0,test,,,,,,,,,,,,,,,,,,1,false,false,false
2023156N10067_20230611T180000Z,2023156N10067,2023-06-11T18:00:00Z,2023,2023,6,162,18,18.9,67.8,90,958,TS,1,0.2,0,0,2023-06-12T18:00:00Z,24,20.2,67.2,1.3,-0.6,85,-5,test,,,,,,,,,,,,,,,,,,1,false,false,false
2023156N10067_20230611T210000Z,2023156N10067,2023-06-11T21:00:00Z,2023,2023,6,162,21,19,67.7,90,958,TS,1,0.2,-0.1,0,2023-06-12T21:00:00Z,24,20.4,67.2,1.4,-0.5,85,-5,test,,,,,,,,,,,,,,,,,,1,false,false,false
2023156N10067_20230612T000000Z,2023156N10067,2023-06-12T00:00:00Z,2023,2023,6,163,0,19.2,67.7,90,958,TS,1,0.3,-0.1,0,2023-06-13T00:00:00Z,24,20.7,67,1.5,-0.7,85,-5,test,,,,,,,,,,,,,,,,,,1,false,false,false
2023156N10067_20230612T030000Z,2023156N10067,2023-06-12T03:00:00Z,2023,2023,6,163,3,19.4,67.6,90,958,TS,1,0.4,-0.1,0,2023-06-13T03:00:00Z,24,20.9,66.9,1.5,-0.7,85,-5,test,,,,,,,,,,,,,,,,,,1,false,false,false
2023156N10067_20230612T060000Z,2023156N10067,2023-06-12T06:00:00Z,2023,2023,6,163,6,19.7,67.5,90,958,TS,1,0.5,-0.2,0,2023-06-13T06:00:00Z,24,21,66.8,1.3,-0.7,85,-5,test,,,,,,,,,,,,,,,,,,1,false,false,false
2023156N10067_20230612T090000Z,2023156N10067,2023-06-12T09:00:00Z,2023,2023,6,163,9,19.8,67.4,90,958,TS,1,0.4,-0.2,0,2023-06-13T09:00:00Z,24,21.1,66.5,1.3,-0.9,85,-5,test,,,,,,,,,,,,,,,,,,1,false,false,false
2023156N10067_20230612T120000Z,2023156N10067,2023-06-12T12:00:00Z,2023,2023,6,163,12,19.9,67.3,90,960,TS,1,0.2,-0.2,0,2023-06-13T12:00:00Z,24,21.2,66.5,1.3,-0.8,85,-5,test,,,,,,,,,,,,,,,,,,1,false,false,false
2023156N10067_20230612T150000Z,2023156N10067,2023-06-12T15:00:00Z,2023,2023,6,163,15,20,67.2,90,960,TS,1,0.2,-0.2,0,2023-06-13T15:00:00Z,24,21.3,66.4,1.3,-0.8,85,-5,test,,,,,,,,,,,,,,,,,,1,false,false,false
2023156N10067_20230612T180000Z,2023156N10067,2023-06-12T18:00:00Z,2023,2023,6,163,18,20.2,67.2,85,962,TS,1,0.3,-0.1,-5,2023-06-13T18:00:00Z,24,21.5,66.4,1.3,-0.8,85,0,test,,,,,,,,,,,,,,,,,,1,false,false,false
2023156N10067_20230612T210000Z,2023156N10067,2023-06-12T21:00:00Z,2023,2023,6,163,21,20.4,67.2,85,962,TS,1,0.4,0,-5,2023-06-13T21:00:00Z,24,21.5,66.3,1.1,-0.9,85,0,test,,,,,,,,,,,,,,,,,,1,false,false,false
2023156N10067_20230613T000000Z,2023156N10067,2023-06-13T00:00:00Z,2023,2023,6,164,0,20.7,67,85,962,TS,1,0.5,-0.2,0,2023-06-14T00:00:00Z,24,21.6,66.3,0.9,-0.7,80,-5,test,,,,,,,,,,,,,,,,,,1,false,false,false
2023156N10067_20230613T030000Z,2023156N10067,2023-06-13T03:00:00Z,2023,2023,6,164,3,20.9,66.9,85,962,TS,1,0.5,-0.3,0,2023-06-14T03:00:00Z,24,21.6,66.3,0.7,-0.6,80,-5,test,,,,,,,,,,,,,,,,,,1,false,false,false
2023156N10067_20230613T060000Z,2023156N10067,2023-06-13T06:00:00Z,2023,2023,6,164,6,21,66.8,85,962,TS,1,0.3,-0.2,0,2023-06-14T06:00:00Z,24,21.6,66.4,0.6,-0.4,80,-5,test,,,,,,,,,,,,,,,,,,1,false,false,false
2023156N10067_20230613T090000Z,2023156N10067,2023-06-13T09:00:00Z,2023,2023,6,164,9,21.1,66.5,85,962,TS,1,0.2,-0.4,0,2023-06-14T09:00:00Z,24,21.7,66.6,0.6,0.1,80,-5,test,,,,,,,,,,,,,,,,,,1,false,false,false
2023156N10067_20230613T120000Z,2023156N10067,2023-06-13T12:00:00Z,2023,2023,6,164,12,21.2,66.5,85,962,TS,1,0.2,-0.3,0,2023-06-14T12:00:00Z,24,21.9,66.7,0.7,0.2,75,-10,test,,,,,,,,,,,,,,,,,,1,false,false,false
2023156N10067_20230613T150000Z,2023156N10067,2023-06-13T15:00:00Z,2023,2023,6,164,15,21.3,66.4,85,962,TS,1,0.2,-0.1,0,2023-06-14T15:00:00Z,24,22.1,66.8,0.8,0.4,70,-15,test,,,,,,,,,,,,,,,,,,1,false,false,false
2023156N10067_20230613T180000Z,2023156N10067,2023-06-13T18:00:00Z,2023,2023,6,164,18,21.5,66.4,85,962,TS,1,0.3,-0.1,0,2023-06-14T18:00:00Z,24,22.2,66.8,0.7,0.4,70,-15,test,,,,,,,,,,,,,,,,,,1,false,false,false
2023156N10067_20230613T210000Z,2023156N10067,2023-06-13T21:00:00Z,2023,2023,6,164,21,21.5,66.3,85,964,TS,1,0.2,-0.1,0,2023-06-14T21:00:00Z,24,22.3,66.8,0.8,0.5,70,-15,test,,,,,,,,,,,,,,,,,,1,false,false,false
2023156N10067_20230614T000000Z,2023156N10067,2023-06-14T00:00:00Z,2023,2023,6,165,0,21.6,66.3,80,966,TS,1,0.1,-0.1,-5,2023-06-15T00:00:00Z,24,22.3,67,0.7,0.7,70,-10,test,,,,,,,,,,,,,,,,,,1,false,false,false
2023156N10067_20230614T030000Z,2023156N10067,2023-06-14T03:00:00Z,2023,2023,6,165,3,21.6,66.3,80,966,TS,1,0.1,0,-5,2023-06-15T03:00:00Z,24,22.5,67.1,0.9,0.8,70,-10,test,,,,,,,,,,,,,,,,,,1,false,false,false
2023156N10067_20230614T060000Z,2023156N10067,2023-06-14T06:00:00Z,2023,2023,6,165,6,21.6,66.4,80,966,TS,1,0,0.1,0,2023-06-15T06:00:00Z,24,22.6,67.3,1,0.9,65,-15,test,,,,,,,,,,,,,,,,,,1,false,false,false
2023156N10067_20230614T090000Z,2023156N10067,2023-06-14T09:00:00Z,2023,2023,6,165,9,21.7,66.6,80,966,TS,1,0.1,0.3,0,2023-06-15T09:00:00Z,24,22.7,67.7,1,1.1,65,-15,test,,,,,,,,,,,,,,,,,,1,false,false,false
2023156N10067_20230614T120000Z,2023156N10067,2023-06-14T12:00:00Z,2023,2023,6,165,12,21.9,66.7,75,970,TS,1,0.3,0.3,-5,2023-06-15T12:00:00Z,24,22.8,68.1,0.9,1.4,65,-10,test,,,,,,,,,,,,,,,,,,1,false,false,false
2023156N10067_20230614T150000Z,2023156N10067,2023-06-14T15:00:00Z,2023,2023,6,165,15,22.1,66.8,70,974,TS,1,0.4,0.2,-10,2023-06-15T15:00:00Z,24,23.1,68.4,1,1.6,65,-5,test,,,,,,,,,,,,,,,,,,1,false,false,false
2023156N10067_20230614T180000Z,2023156N10067,2023-06-14T18:00:00Z,2023,2023,6,165,18,22.2,66.8,70,974,TS,1,0.3,0.1,-5,2023-06-15T18:00:00Z,24,23.3,68.6,1.1,1.8,60,-10,test,,,,,,,,,,,,,,,,,,1,false,false,false
2023156N10067_20230614T210000Z,2023156N10067,2023-06-14T21:00:00Z,2023,2023,6,165,21,22.3,66.8,70,974,TS,1,0.2,0,0,2023-06-15T21:00:00Z,24,23.4,68.8,1.1,2,50,-20,test,,,,,,,,,,,,,,,,,,1,false,false,false
2023156N10067_20230615T000000Z,2023156N10067,2023-06-15T00:00:00Z,2023,2023,6,166,0,22.3,67,70,974,TS,1,0.1,0.2,0,2023-06-16T00:00:00Z,24,23.5,69.1,1.2,2.1,50,-20,test,,,,,,,,,,,,,,,,,,1,false,false,false
2023156N10067_20230615T030000Z,2023156N10067,2023-06-15T03:00:00Z,2023,2023,6,166,3,22.5,67.1,70,974,TS,1,0.2,0.3,0,2023-06-16T03:00:00Z,24,23.5,69.4,1,2.3,45,-25,test,,,,,,,,,,,,,,,,,,1,false,false,false
2023156N10067_20230615T060000Z,2023156N10067,2023-06-15T06:00:00Z,2023,2023,6,166,6,22.6,67.3,65,976,TS,1,0.3,0.3,-5,2023-06-16T06:00:00Z,24,23.7,69.7,1.1,2.4,40,-25,test,,,,,,,,,,,,,,,,,,1,false,false,false
2023156N10067_20230615T090000Z,2023156N10067,2023-06-15T09:00:00Z,2023,2023,6,166,9,22.7,67.7,65,976,TS,1,0.2,0.6,-5,2023-06-16T09:00:00Z,24,23.9,70,1.2,2.3,40,-25,test,,,,,,,,,,,,,,,,,,1,false,false,false
2023156N10067_20230615T120000Z,2023156N10067,2023-06-15T12:00:00Z,2023,2023,6,166,12,22.8,68.1,65,976,TS,1,0.2,0.8,0,2023-06-16T12:00:00Z,24,24.2,70.4,1.4,2.3,35,-30,test,,,,,,,,,,,,,,,,,,1,false,false,false
2023156N10067_20230615T150000Z,2023156N10067,2023-06-15T15:00:00Z,2023,2023,6,166,15,23.1,68.4,65,976,TS,1,0.4,0.7,0,2023-06-16T15:00:00Z,24,24.5,70.7,1.4,2.3,35,-30,test,,,,,,,,,,,,,,,,,,1,false,false,false
2023156N10067_20230615T180000Z,2023156N10067,2023-06-15T18:00:00Z,2023,2023,6,166,18,23.3,68.6,60,980,TS,1,0.5,0.5,-5,2023-06-16T18:00:00Z,24,24.6,70.9,1.3,2.3,30,-30,test,,,,,,,,,,,,,,,,,,1,false,false,false
2023156N10067_20230615T210000Z,2023156N10067,2023-06-15T21:00:00Z,2023,2023,6,166,21,23.4,68.8,50,982,TS,1,0.3,0.4,-15,2023-06-16T21:00:00Z,24,24.7,71,1.3,2.2,33,-17,test,,,,,,,,,,,,,,,,,,1,false,false,false
2023156N10067_20230616T000000Z,2023156N10067,2023-06-16T00:00:00Z,2023,2023,6,167,0,23.5,69.1,50,978,TS,1,0.2,0.5,-10,2023-06-17T00:00:00Z,24,24.8,71.2,1.3,2.1,30,-20,test,,,,,,,,,,,,,,,,,,1,false,false,false
2023156N10067_20230616T030000Z,2023156N10067,2023-06-16T03:00:00Z,2023,2023,6,167,3,23.5,69.4,45,978,TS,1,0.1,0.6,-5,2023-06-17T03:00:00Z,24,25,71.5,1.5,2.1,30,-15,test,,,,,,,,,,,,,,,,,,1,false,false,false
2023156N10067_20230616T060000Z,2023156N10067,2023-06-16T06:00:00Z,2023,2023,6,167,6,23.7,69.7,40,980,TS,1,0.2,0.6,-10,2023-06-17T06:00:00Z,24,25.3,71.9,1.6,2.2,30,-10,test,,,,,,,,,,,,,,,,,,1,false,false,false
2023156N10067_20230616T120000Z,2023156N10067,2023-06-16T12:00:00Z,2023,2023,6,167,12,24.2,70.4,35,986,TS,1,0.5,0.7,-5,2023-06-17T12:00:00Z,24,25.6,72.5,1.4,2.1,25,-10,test,,,,,,,,,,,,,,,,,,1,false,false,false
2023156N10067_20230616T180000Z,2023156N10067,2023-06-16T18:00:00Z,2023,2023,6,167,18,24.6,70.9,30,988,TS,1,0.4,0.5,-5,2023-06-17T18:00:00Z,24,25.8,72.8,1.2,1.9,25,-5,test,,,,,,,,,,,,,,,,,,1,false,false,false
2023156N10067_20230617T000000Z,2023156N10067,2023-06-17T00:00:00Z,2023,2023,6,168,0,24.8,71.2,30,988,TS,1,0.2,0.3,0,2023-06-18T00:00:00Z,24,26,73.3,1.2,2.1,25,-5,test,,,,,,,,,,,,,,,,,,1,false,false,false
2023156N10067_20230617T030000Z,2023156N10067,2023-06-17T03:00:00Z,2023,2023,6,168,3,25,71.5,30,988,TS,1,0.3,0.5,-3,2023-06-18T03:00:00Z,24,26.2,73.8,1.2,2.3,25,-5,test,,,,,,,,,,,,,,,,,,1,false,false,false
2023156N10067_20230617T060000Z,2023156N10067,2023-06-17T06:00:00Z,2023,2023,6,168,6,25.3,71.9,30,989,TS,1,0.5,0.7,0,2023-06-18T06:00:00Z,24,26.3,74,1,2.1,25,-5,test,,,,,,,,,,,,,,,,,,1,false,false,false
2023156N10067_20230617T120000Z,2023156N10067,2023-06-17T12:00:00Z,2023,2023,6,168,12,25.6,72.5,25,990,TS,1,0.3,0.6,-5,2023-06-18T12:00:00Z,24,26.3,74.7,0.7,2.2,20,-5,test,,,,,,,,,,,,,,,,,,1,false,false,false
2023156N10067_20230617T180000Z,2023156N10067,2023-06-17T18:00:00Z,2023,2023,6,168,18,25.8,72.8,25,991,TS,1,0.2,0.3,0,2023-06-18T18:00:00Z,24,26.3,75.2,0.5,2.4,20,-5,test,,,,,,,,,,,,,,,,,,1,false,false,false
2023156N10067_20230618T000000Z,2023156N10067,2023-06-18T00:00:00Z,2023,2023,6,169,0,26,73.3,25,991,TS,1,0.2,0.5,0,2023-06-19T00:00:00Z,24,26.3,76,0.3,2.7,20,-5,test,,,,,,,,,,,,,,,,,,1,false,false,false
2024145N14087_20240525T000000Z,2024145N14087,2024-05-25T00:00:00Z,2024,2024,5,146,0,17.6,90,30,993,TS,0,,,,2024-05-26T00:00:00Z,24,19.6,89.2,2,-0.8,50,20,test,,,,,,,,,,,,,,,,,,1,false,false,false
2024145N14087_20240525T030000Z,2024145N14087,2024-05-25T03:00:00Z,2024,2024,5,146,3,17.9,89.8,30,992,TS,0,,,,2024-05-26T03:00:00Z,24,19.9,89.1,2,-0.7,50,20,test,,,,,,,,,,,,,,,,,,1,false,false,false
2024145N14087_20240525T060000Z,2024145N14087,2024-05-25T06:00:00Z,2024,2024,5,146,6,18.2,89.6,30,991,TS,1,0.6,-0.4,0,2024-05-26T06:00:00Z,24,20.3,89.1,2.1,-0.5,50,20,test,,,,,,,,,,,,,,,,,,1,false,false,false
2024145N14087_20240525T090000Z,2024145N14087,2024-05-25T09:00:00Z,2024,2024,5,146,9,18.4,89.5,28,989,TS,1,0.5,-0.3,-2,2024-05-26T09:00:00Z,24,20.6,89.1,2.2,-0.4,55,27,test,,,,,,,,,,,,,,,,,,1,false,false,false
2024145N14087_20240525T120000Z,2024145N14087,2024-05-25T12:00:00Z,2024,2024,5,146,12,18.7,89.3,35,989,TS,1,0.5,-0.3,5,2024-05-26T12:00:00Z,24,21.2,89.1,2.5,-0.2,60,25,test,,,,,,,,,,,,,,,,,,1,false,false,false
2024145N14087_20240525T150000Z,2024145N14087,2024-05-25T15:00:00Z,2024,2024,5,146,15,18.9,89.2,35,989,TS,1,0.5,-0.3,7,2024-05-26T15:00:00Z,24,21.6,89,2.7,-0.2,60,25,test,,,,,,,,,,,,,,,,,,1,false,false,false
2024145N14087_20240525T180000Z,2024145N14087,2024-05-25T18:00:00Z,2024,2024,5,146,18,19.2,89.2,40,988,TS,1,0.5,-0.1,5,2024-05-26T18:00:00Z,24,22,88.9,2.8,-0.3,60,20,test,,,,,,,,,,,,,,,,,,1,false,false,false
2024145N14087_20240525T210000Z,2024145N14087,2024-05-25T21:00:00Z,2024,2024,5,146,21,19.4,89.2,45,986,TS,1,0.5,0,10,2024-05-26T21:00:00Z,24,22.2,88.9,2.8,-0.3,55,10,test,,,,,,,,,,,,,,,,,,1,false,false,false
2024145N14087_20240526T000000Z,2024145N14087,2024-05-26T00:00:00Z,2024,2024,5,147,0,19.6,89.2,50,984,TS,1,0.4,0,10,2024-05-27T00:00:00Z,24,22.6,89,3,-0.2,45,-5,test,,,,,,,,,,,,,,,,,,1,false,false,false
2024145N14087_20240526T030000Z,2024145N14087,2024-05-26T03:00:00Z,2024,2024,5,147,3,19.9,89.1,50,984,TS,1,0.5,-0.1,5,2024-05-27T03:00:00Z,24,22.8,89.1,2.9,0,40,-10,test,,,,,,,,,,,,,,,,,,1,false,false,false
2024145N14087_20240526T060000Z,2024145N14087,2024-05-26T06:00:00Z,2024,2024,5,147,6,20.3,89.1,50,983,TS,1,0.7,-0.1,0,2024-05-27T06:00:00Z,24,23.1,89.1,2.8,0,35,-15,test,,,,,,,,,,,,,,,,,,1,false,false,false
2024145N14087_20240526T090000Z,2024145N14087,2024-05-26T09:00:00Z,2024,2024,5,147,9,20.6,89.1,55,981,TS,1,0.7,0,5,2024-05-27T09:00:00Z,24,23.3,89.3,2.7,0.2,35,-20,test,,,,,,,,,,,,,,,,,,1,false,false,false
2024145N14087_20240526T120000Z,2024145N14087,2024-05-26T12:00:00Z,2024,2024,5,147,12,21.2,89.1,60,978,TS,1,0.9,0,10,2024-05-27T12:00:00Z,24,23.6,89.6,2.4,0.5,35,-25,test,,,,,,,,,,,,,,,,,,1,false,false,false
2024145N14087_20240526T150000Z,2024145N14087,2024-05-26T15:00:00Z,2024,2024,5,147,15,21.6,89,60,978,TS,1,1,-0.1,5,2024-05-27T15:00:00Z,24,23.8,90.1,2.2,1.1,30,-30,test,,,,,,,,,,,,,,,,,,1,false,false,false
2024145N14087_20240526T180000Z,2024145N14087,2024-05-26T18:00:00Z,2024,2024,5,147,18,22,88.9,60,978,TS,1,0.8,-0.2,0,2024-05-27T18:00:00Z,24,24.1,90.5,2.1,1.6,30,-30,test,,,,,,,,,,,,,,,,,,1,false,false,false
2024145N14087_20240526T210000Z,2024145N14087,2024-05-26T21:00:00Z,2024,2024,5,147,21,22.2,88.9,55,980,TS,1,0.6,-0.1,-5,2024-05-27T21:00:00Z,24,24.3,90.8,2.1,1.9,25,-30,test,,,,,,,,,,,,,,,,,,1,false,false,false
2024145N14087_20240527T030000Z,2024145N14087,2024-05-27T03:00:00Z,2024,2024,5,148,3,22.8,89.1,40,984,TS,1,0.6,0.2,-15,2024-05-28T03:00:00Z,24,24.7,91.5,1.9,2.4,20,-20,test,,,,,,,,,,,,,,,,,,1,false,false,false
2024145N14087_20240527T060000Z,2024145N14087,2024-05-27T06:00:00Z,2024,2024,5,148,6,23.1,89.1,35,985,TS,1,0.5,0.1,-10,2024-05-28T06:00:00Z,24,25.1,91.8,2,2.7,20,-15,test,,,,,,,,,,,,,,,,,,1,false,false,false
2025331N06083_20251126T180000Z,2025331N06083,2025-11-26T18:00:00Z,2025,2025,11,330,18,5.9,82.6,25,1004,TS,0,,,,2025-11-27T18:00:00Z,24,7.9,81.3,2,-1.3,35,10,test,,,,,,,,,,,,,,,,,,,false,false,false
2025331N06083_20251127T000000Z,2025331N06083,2025-11-27T00:00:00Z,2025,2025,11,331,0,6.4,81.9,30,1003,TS,1,0.5,-0.7,5,2025-11-28T00:00:00Z,24,8.1,81.1,1.7,-0.8,35,5,test,,,,,,,,,,,,,,,,,,,false,false,false
2025331N06083_20251127T030000Z,2025331N06083,2025-11-27T03:00:00Z,2025,2025,11,331,3,6.7,81.9,30,1003,TS,1,0.7,-0.7,,2025-11-28T03:00:00Z,24,8.2,81,1.5,-0.9,35,5,test,,,,,,,,,,,,,,,,,,,false,false,false
2025331N06083_20251127T060000Z,2025331N06083,2025-11-27T06:00:00Z,2025,2025,11,331,6,7,82,35,1002,TS,1,0.6,0.1,5,2025-11-28T06:00:00Z,24,8.3,81,1.3,-1,35,0,test,,,,,,,,,,,,,,,,,,,false,false,false
2025331N06083_20251127T090000Z,2025331N06083,2025-11-27T09:00:00Z,2025,2025,11,331,9,7.3,81.9,35,1002,TS,1,0.6,0,5,2025-11-28T09:00:00Z,24,8.5,81,1.2,-0.9,35,0,test,,,,,,,,,,,,,,,,,,,false,false,false
2025331N06083_20251127T120000Z,2025331N06083,2025-11-27T12:00:00Z,2025,2025,11,331,12,7.6,81.7,35,1002,TS,1,0.6,-0.3,0,2025-11-28T12:00:00Z,24,8.6,80.9,1,-0.8,35,0,test,,,,,,,,,,,,,,,,,,,false,false,false
2025331N06083_20251127T150000Z,2025331N06083,2025-11-27T15:00:00Z,2025,2025,11,331,15,7.8,81.5,35,1002,TS,1,0.5,-0.4,0,2025-11-28T15:00:00Z,24,8.8,80.8,1,-0.7,35,0,test,,,,,,,,,,,,,,,,,,,false,false,false
2025331N06083_20251127T180000Z,2025331N06083,2025-11-27T18:00:00Z,2025,2025,11,331,18,7.9,81.3,35,1002,TS,1,0.3,-0.4,0,2025-11-28T18:00:00Z,24,9,80.8,1.1,-0.5,35,0,test,,,,,,,,,,,,,,,,,,,false,false,false
2025331N06083_20251127T210000Z,2025331N06083,2025-11-27T21:00:00Z,2025,2025,11,331,21,8,81.2,35,1002,TS,1,0.2,-0.3,0,2025-11-28T21:00:00Z,24,9.2,80.8,1.2,-0.4,35,0,test,,,,,,,,,,,,,,,,,,,false,false,false
2025331N06083_20251128T000000Z,2025331N06083,2025-11-28T00:00:00Z,2025,2025,11,332,0,8.1,81.1,35,1002,TS,1,0.2,-0.2,0,2025-11-29T00:00:00Z,24,9.4,80.8,1.3,-0.3,35,0,test,,,,,,,,,,,,,,,,,,,false,false,false
2025331N06083_20251128T030000Z,2025331N06083,2025-11-28T03:00:00Z,2025,2025,11,332,3,8.2,81,35,1002,TS,1,0.2,-0.2,0,2025-11-29T03:00:00Z,24,9.6,80.8,1.4,-0.2,40,5,test,,,,,,,,,,,,,,,,,,,false,false,false
2025331N06083_20251128T060000Z,2025331N06083,2025-11-28T06:00:00Z,2025,2025,11,332,6,8.3,81,35,1002,TS,1,0.2,-0.1,0,2025-11-29T06:00:00Z,24,9.9,80.8,1.6,-0.2,40,5,test,,,,,,,,,,,,,,,,,,,false,false,false
2025331N06083_20251128T090000Z,2025331N06083,2025-11-28T09:00:00Z,2025,2025,11,332,9,8.5,81,35,1002,TS,1,0.3,0,0,2025-11-29T09:00:00Z,24,10.1,80.7,1.6,-0.3,40,5,test,,,,,,,,,,,,,,,,,,,false,false,false
2025331N06083_20251128T120000Z,2025331N06083,2025-11-28T12:00:00Z,2025,2025,11,332,12,8.6,80.9,35,1002,TS,1,0.3,-0.1,0,2025-11-29T12:00:00Z,24,10.3,80.7,1.7,-0.2,40,5,test,,,,,,,,,,,,,,,,,,,false,false,false
2025331N06083_20251128T150000Z,2025331N06083,2025-11-28T15:00:00Z,2025,2025,11,332,15,8.8,80.8,35,1002,TS,1,0.3,-0.2,0,2025-11-29T15:00:00Z,24,10.4,80.7,1.6,-0.1,40,5,test,,,,,,,,,,,,,,,,,,,false,false,false
2025331N06083_20251128T180000Z,2025331N06083,2025-11-28T18:00:00Z,2025,2025,11,332,18,9,80.8,35,1002,TS,1,0.4,-0.1,0,2025-11-29T18:00:00Z,24,10.6,80.7,1.6,-0.1,40,5,test,,,,,,,,,,,,,,,,,,,false,false,false
2025331N06083_20251128T210000Z,2025331N06083,2025-11-28T21:00:00Z,2025,2025,11,332,21,9.2,80.8,35,1001,TS,1,0.4,0,0,2025-11-29T21:00:00Z,24,10.8,80.7,1.6,-0.1,40,5,test,,,,,,,,,,,,,,,,,,,false,false,false
2025331N06083_20251129T000000Z,2025331N06083,2025-11-29T00:00:00Z,2025,2025,11,333,0,9.4,80.8,35,1001,TS,1,0.4,0,0,2025-11-30T00:00:00Z,24,11,80.7,1.6,-0.1,40,5,test,,,,,,,,,,,,,,,,,,,false,false,false
2025331N06083_20251129T030000Z,2025331N06083,2025-11-29T03:00:00Z,2025,2025,11,333,3,9.6,80.8,40,1000,TS,1,0.4,0,5,2025-11-30T03:00:00Z,24,11.2,80.7,1.6,-0.1,40,0,test,,,,,,,,,,,,,,,,,,,false,false,false
2025331N06083_20251129T060000Z,2025331N06083,2025-11-29T06:00:00Z,2025,2025,11,333,6,9.9,80.8,40,1000,TS,1,0.5,0,5,2025-11-30T06:00:00Z,24,11.4,80.7,1.5,-0.1,35,-5,test,,,,,,,,,,,,,,,,,,,false,false,false
2025331N06083_20251129T090000Z,2025331N06083,2025-11-29T09:00:00Z,2025,2025,11,333,9,10.1,80.7,40,1000,TS,1,0.5,-0.1,0,2025-11-30T09:00:00Z,24,11.6,80.7,1.5,0,35,-5,test,,,,,,,,,,,,,,,,,,,false,false,false
2025331N06083_20251129T120000Z,2025331N06083,2025-11-29T12:00:00Z,2025,2025,11,333,12,10.3,80.7,40,1000,TS,1,0.4,-0.1,0,2025-11-30T12:00:00Z,24,11.7,80.8,1.4,0.1,30,-10,test,,,,,,,,,,,,,,,,,,,false,false,false
2025331N06083_20251129T150000Z,2025331N06083,2025-11-29T15:00:00Z,2025,2025,11,333,15,10.4,80.7,40,1000,TS,1,0.3,0,0,2025-11-30T15:00:00Z,24,11.9,81,1.5,0.3,27,-13,test,,,,,,,,,,,,,,,,,,,false,false,false
2025331N06083_20251129T180000Z,2025331N06083,2025-11-29T18:00:00Z,2025,2025,11,333,18,10.6,80.7,40,1000,TS,1,0.3,0,0,2025-11-30T18:00:00Z,24,12,81.2,1.4,0.5,30,-10,test,,,,,,,,,,,,,,,,,,,false,false,false
2025331N06083_20251129T210000Z,2025331N06083,2025-11-29T21:00:00Z,2025,2025,11,333,21,10.8,80.7,40,1000,TS,1,0.4,0,0,2025-11-30T21:00:00Z,24,12.3,81.2,1.5,0.5,26,-14,test,,,,,,,,,,,,,,,,,,,false,false,false
2025331N06083_20251130T000000Z,2025331N06083,2025-11-30T00:00:00Z,2025,2025,11,334,0,11,80.7,40,1000,TS,1,0.4,0,0,2025-12-01T00:00:00Z,24,12.6,81.2,1.6,0.5,30,-10,test,,,,,,,,,,,,,,,,,,,false,false,false
2025331N06083_20251130T030000Z,2025331N06083,2025-11-30T03:00:00Z,2025,2025,11,334,3,11.2,80.7,40,1000,TS,1,0.4,0,0,2025-12-01T03:00:00Z,24,12.7,81,1.5,0.3,30,-10,test,,,,,,,,,,,,,,,,,,,false,false,false
2025331N06083_20251130T060000Z,2025331N06083,2025-11-30T06:00:00Z,2025,2025,11,334,6,11.4,80.7,35,1001,TS,1,0.4,0,-5,2025-12-01T06:00:00Z,24,12.9,80.9,1.5,0.2,30,-5,test,,,,,,,,,,,,,,,,,,,false,false,false
2025331N06083_20251130T090000Z,2025331N06083,2025-11-30T09:00:00Z,2025,2025,11,334,9,11.6,80.7,35,1002,TS,1,0.4,0,-5,2025-12-01T09:00:00Z,24,13,80.9,1.4,0.2,29,-6,test,,,,,,,,,,,,,,,,,,,false,false,false
2025331N06083_20251130T120000Z,2025331N06083,2025-11-30T12:00:00Z,2025,2025,11,334,12,11.7,80.8,30,1003,TS,1,0.3,0.1,-5,2025-12-01T12:00:00Z,24,12.9,80.9,1.2,0.1,30,0,test,,,,,,,,,,,,,,,,,,,false,false,false
2025331N06083_20251130T150000Z,2025331N06083,2025-11-30T15:00:00Z,2025,2025,11,334,15,11.9,81,27,1004,TS,1,0.3,0.3,-8,2025-12-01T15:00:00Z,24,12.8,80.8,0.9,-0.2,29,2,test,,,,,,,,,,,,,,,,,,,false,false,false
2025331N06083_20251130T180000Z,2025331N06083,2025-11-30T18:00:00Z,2025,2025,11,334,18,12,81.2,30,1003,TS,1,0.3,0.4,0,2025-12-01T18:00:00Z,24,12.7,80.7,0.7,-0.5,30,0,test,,,,,,,,,,,,,,,,,,,false,false,false
2025331N06083_20251130T210000Z,2025331N06083,2025-11-30T21:00:00Z,2025,2025,11,334,21,12.3,81.2,26,1004,TS,1,0.4,0.2,-1,2025-12-01T21:00:00Z,24,12.7,80.6,0.4,-0.6,27,1,test,,,,,,,,,,,,,,,,,,,false,false,false
2025331N06083_20251201T000000Z,2025331N06083,2025-12-01T00:00:00Z,2025,2025,12,335,0,12.6,81.2,30,1003,TS,1,0.6,0,0,2025-12-02T00:00:00Z,24,12.6,80.6,0,-0.6,25,-5,test,,,,,,,,,,,,,,,,,,,false,false,false
2025331N06083_20251201T030000Z,2025331N06083,2025-12-01T03:00:00Z,2025,2025,12,335,3,12.7,81,30,1003,TS,1,0.4,-0.2,4,2025-12-02T03:00:00Z,24,12.5,80.7,-0.2,-0.3,25,-5,test,,,,,,,,,,,,,,,,,,,false,false,false
2025331N06083_20251201T060000Z,2025331N06083,2025-12-01T06:00:00Z,2025,2025,12,335,6,12.9,80.9,30,1003,TS,1,0.3,-0.3,0,2025-12-02T06:00:00Z,24,12.4,80.7,-0.5,-0.2,25,-5,test,,,,,,,,,,,,,,,,,,,false,false,false
2025331N06083_20251201T090000Z,2025331N06083,2025-12-01T09:00:00Z,2025,2025,12,335,9,13,80.9,29,1004,TS,1,0.3,-0.1,-1,2025-12-02T09:00:00Z,24,12.3,80.6,-0.7,-0.3,25,-4,test,,,,,,,,,,,,,,,,,,,false,false,false
2025331N06083_20251201T120000Z,2025331N06083,2025-12-01T12:00:00Z,2025,2025,12,335,12,12.9,80.9,30,1003,TS,1,0,0,0,2025-12-02T12:00:00Z,24,12.3,80.4,-0.6,-0.5,25,-5,test,,,,,,,,,,,,,,,,,,,false,false,false
2025331N06083_20251201T180000Z,2025331N06083,2025-12-01T18:00:00Z,2025,2025,12,335,18,12.7,80.7,30,1003,TS,1,-0.2,-0.2,0,2025-12-02T18:00:00Z,24,12.1,80.2,-0.6,-0.5,20,-10,test,,,,,,,,,,,,,,,,,,,false,false,false
